,matchID,fullTimeMS,timeStamp,blueChampionKill,blueFirstBlood,blueDragonKill,blueDragonHextechKill,blueDragonChemtechKill,blueDragonFireKill,blueDragonAirKill,blueDragonEarthKill,blueDragonWaterKill,blueDragonElderKill,blueVoidGrubKill,blueRiftHeraldKill,blueBaronKill,blueTowerKill,blueInhibitorKill,blueTotalGold,blueMinionsKilled,blueJungleMinionsKilled,blueAvgPlayerLevel,blueWin,redChampionKill,redFirstBlood,redDragonKill,redDragonHextechKill,redDragonChemtechKill,redDragonFireKill,redDragonAirKill,redDragonEarthKill,redDragonWaterKill,redDragonElderKill,redVoidGrubKill,redRiftHeraldKill,redBaronKill,redTowerKill,redInhibitorKill,redTotalGold,redMinionsKilled,redJungleMinionsKilled,redAvgPlayerLevel,redWin
524000,KR_7314619340,1509828,301965,2,True,0,0,0,0,0,0,0,0,0,0,0,0,0,9238,108,28,23,False,1,False,0,0,0,0,0,0,0,0,0,0,0,0,0,8584,107,31,24,True
524001,KR_7314589297,1503251,300650,2,True,0,0,0,0,0,0,0,0,0,0,0,0,0,9405,110,40,24,True,1,False,0,0,0,0,0,0,0,0,0,0,0,0,0,9377,139,36,25,False
524002,KR_7314570770,1754552,350910,8,False,0,0,0,0,0,0,0,0,0,0,0,0,0,11925,128,36,24,True,4,True,0,0,0,0,0,0,0,0,0,0,0,0,0,10415,116,32,25,False
524003,KR_7314541511,1659500,331900,1,True,0,0,0,0,0,0,0,0,0,0,0,0,0,9178,127,44,24,False,0,False,0,0,0,0,0,0,0,0,0,0,0,0,0,8656,124,40,25,True
524004,KR_7313291509,1635130,327026,10,True,0,0,0,0,0,0,0,0,3,0,0,0,0,18966,108,30,24,True,5,False,0,0,0,0,0,0,0,0,0,0,0,0,0,16174,70,36,25,False
524005,KR_7313266206,1089089,217817,2,False,0,0,0,0,0,0,0,0,0,0,0,0,0,10447,65,20,20,False,4,True,0,0,0,0,0,0,0,0,0,0,0,0,0,11279,46,20,20,True
524006,KR_7313213469,1984083,396816,5,False,0,0,0,0,0,0,0,0,2,0,0,0,0,11691,132,36,27,False,5,True,0,0,0,0,0,0,0,0,0,0,0,0,0,12039,157,45,26,True
524007,KR_7313098773,1693674,338734,5,False,0,0,0,0,0,0,0,0,0,0,0,0,0,10212,128,32,25,True,3,True,0,0,0,0,0,0,0,0,0,0,0,0,0,10017,113,40,23,False
524008,KR_7313079397,938600,187720,1,True,0,0,0,0,0,0,0,0,0,0,0,0,0,6713,68,8,16,True,2,False,0,0,0,0,0,0,0,0,0,0,0,0,0,6274,56,8,16,False
524009,KR_7313055718,1364266,272853,2,True,0,0,0,0,0,0,0,0,0,0,0,0,0,7476,75,24,22,True,1,False,0,0,0,0,0,0,0,0,0,0,0,0,0,7663,99,28,21,False
524010,KR_7313008190,1614174,322834,5,False,0,0,0,0,0,0,0,0,0,0,0,0,0,10107,116,32,23,True,6,True,0,0,0,0,0,0,0,0,0,0,0,0,0,11200,98,32,23,False
524011,KR_7312989986,974261,194852,0,False,0,0,0,0,0,0,0,0,0,0,0,0,0,5606,67,14,17,False,1,True,0,0,0,0,0,0,0,0,0,0,0,0,0,7370,80,20,17,True
524012,KR_7312987544,1356904,271380,1,False,0,0,0,0,0,0,0,0,0,0,0,0,0,7731,104,24,21,False,4,True,0,0,0,0,0,0,0,0,0,0,0,0,0,9197,91,28,22,True
524013,KR_7312980250,1541217,308243,2,False,0,0,0,0,0,0,0,0,0,0,0,0,0,9676,128,29,23,False,4,True,0,0,0,0,0,0,0,0,0,0,0,0,0,11179,130,30,24,True
524014,KR_7312971498,1389976,277995,3,False,0,0,0,0,0,0,0,0,0,0,0,0,0,8023,86,28,20,True,4,True,0,0,0,0,0,0,0,0,0,0,0,0,0,8450,87,16,20,False
524015,KR_7312234741,1860309,372061,5,False,0,0,0,0,0,0,0,0,0,0,0,0,0,12978,155,33,28,True,3,True,0,0,0,0,0,0,0,0,0,0,0,0,0,11059,140,32,26,False
524016,KR_7312155369,1832066,366413,3,True,0,0,0,0,0,0,0,0,0,0,0,0,0,11326,141,38,26,False,2,False,0,0,0,0,0,0,0,0,0,0,0,0,0,11763,170,40,27,True
524017,KR_7312086967,1773513,354702,2,True,0,0,0,0,0,0,0,0,0,0,0,0,0,10047,147,36,25,True,2,False,0,0,0,0,0,0,0,0,0,0,0,0,0,9246,129,36,25,False
524018,KR_7312054307,1619686,323937,0,False,0,0,0,0,0,0,0,0,0,0,0,0,0,9311,142,36,25,False,4,True,0,0,0,0,0,0,0,0,0,0,0,0,0,9888,114,32,25,True
524019,KR_7312013284,1608530,321706,3,False,0,0,0,0,0,0,0,0,0,0,0,0,0,9305,113,17,23,False,4,True,0,0,0,0,0,0,0,0,0,0,0,0,0,11503,133,40,25,True
524020,KR_7311979016,1221373,244274,0,False,0,0,0,0,0,0,0,0,0,0,0,0,0,7494,108,32,21,False,1,True,0,0,0,0,0,0,0,0,0,0,0,0,0,8325,81,34,20,True
524021,KR_7311598765,1822442,364488,3,True,0,0,0,0,0,0,0,0,0,0,0,0,0,10423,125,36,27,True,2,False,0,0,0,0,0,0,0,0,0,0,0,0,0,11177,146,44,27,False
524022,KR_7311439117,1192547,238509,0,False,0,0,0,0,0,0,0,0,0,0,0,0,0,6031,74,24,18,True,0,True,0,0,0,0,0,0,0,0,0,0,0,0,0,5806,71,20,17,False
524023,KR_7311410640,1584034,316806,5,False,0,0,0,0,0,0,0,0,0,0,0,0,0,10256,105,32,22,False,4,True,0,0,0,0,0,0,0,0,0,0,0,0,0,10803,112,36,24,True
524024,KR_7311376889,1777806,355561,4,True,0,0,0,0,0,0,0,0,0,0,0,0,0,10040,125,40,25,False,1,False,0,0,0,0,0,0,0,0,0,0,0,0,0,8731,120,32,23,True
524025,KR_7307507172,1650374,330074,5,True,0,0,0,0,0,0,0,0,0,0,0,0,0,10472,110,36,25,True,2,False,0,0,0,0,0,0,0,0,0,0,0,0,0,10414,125,32,25,False
524026,KR_7307468327,939068,187813,1,True,0,0,0,0,0,0,0,0,0,0,0,0,0,6159,70,20,17,True,0,False,0,0,0,0,0,0,0,0,0,0,0,0,0,5788,71,28,18,False
524027,KR_7307408826,1595282,319056,1,True,0,0,0,0,0,0,0,0,0,0,0,0,0,8820,109,32,23,False,1,False,0,0,0,0,0,0,0,0,0,0,0,0,0,9870,124,35,27,True
524028,KR_7307307238,2137447,427489,9,False,0,0,0,0,0,0,0,0,3,0,0,0,0,16107,198,66,32,True,1,True,0,0,0,0,0,0,0,0,0,0,0,0,0,11353,164,32,28,False
524029,KR_7307059691,1308320,261664,4,True,0,0,0,0,0,0,0,0,0,0,0,0,0,9785,95,22,22,True,1,False,0,0,0,0,0,0,0,0,0,0,0,0,0,7774,89,26,20,False
524030,KR_7307036288,1888397,377679,3,False,0,0,0,0,0,0,0,0,1,0,0,0,0,11818,142,32,26,True,3,True,0,0,0,0,0,0,0,0,0,0,0,0,0,11453,133,36,27,False
524031,KR_7307008750,1386730,277346,2,True,0,0,0,0,0,0,0,0,0,0,0,0,0,7988,84,35,21,True,2,False,0,0,0,0,0,0,0,0,0,0,0,0,0,7903,104,24,21,False
524032,KR_7327065110,1495356,299071,2,True,0,0,0,0,0,0,0,0,0,0,0,0,0,8364,99,36,22,False,1,False,0,0,0,0,0,0,0,0,0,0,0,0,0,7941,104,28,21,True
524033,KR_7326969908,1742580,348516,2,False,0,0,0,0,0,0,0,0,0,0,0,0,0,8406,89,28,22,False,7,True,0,0,0,0,0,0,0,0,0,0,0,0,0,11163,104,30,22,True
524034,KR_7326431230,1603728,320745,3,True,0,0,0,0,0,0,0,0,0,0,0,0,0,10161,109,40,24,False,2,False,0,0,0,0,0,0,0,0,0,0,0,0,0,9285,121,36,23,True
524035,KR_7325889167,1889400,377880,0,False,0,0,0,0,0,0,0,0,1,0,0,0,0,10519,133,52,28,False,2,True,0,0,0,0,0,0,0,0,0,0,0,0,0,12595,154,42,28,True
524036,KR_7325836427,1549291,309858,1,True,0,0,0,0,0,0,0,0,0,0,0,0,0,9733,141,40,24,True,0,False,0,0,0,0,0,0,0,0,0,0,0,0,0,8562,126,32,22,False
524037,KR_7325623231,1436585,287317,1,False,0,0,0,0,0,0,0,0,0,0,0,0,0,7844,94,28,22,True,1,True,0,0,0,0,0,0,0,0,0,0,0,0,0,7967,111,24,22,False
524038,KR_7319625731,1215809,243161,0,False,0,0,0,0,0,0,0,0,0,0,0,0,0,7159,88,32,19,False,3,True,0,0,0,0,0,0,0,0,0,0,0,0,0,9607,100,26,21,True
524039,KR_7317553147,2107667,421533,1,True,0,0,0,0,0,0,0,0,0,0,0,0,0,12638,201,48,31,True,4,False,0,0,0,0,0,0,0,0,0,0,0,0,0,13463,190,45,30,False
524040,KR_7317399241,1053796,210759,1,True,0,0,0,0,0,0,0,0,0,0,0,0,0,6305,74,24,18,True,0,False,0,0,0,0,0,0,0,0,0,0,0,0,0,5806,73,20,17,False
524041,KR_7317383307,939426,187885,2,True,0,0,0,0,0,0,0,0,0,0,0,0,0,6945,82,22,16,True,0,False,0,0,0,0,0,0,0,0,0,0,0,0,0,5755,64,28,16,False
524042,KR_7317108084,1277384,255476,5,True,0,0,0,0,0,0,0,0,0,0,0,0,0,9522,119,20,22,True,2,False,0,0,0,0,0,0,0,0,0,0,0,0,0,8013,77,40,20,False
524043,KR_7316662196,2905989,581197,4,False,0,0,0,0,0,0,0,0,3,0,0,0,0,16547,255,66,36,True,3,True,1,0,1,0,0,0,0,0,0,0,0,0,0,16332,256,64,34,False
524044,KR_7316509226,1278511,255702,3,False,0,0,0,0,0,0,0,0,0,0,0,0,0,8218,100,20,21,False,2,True,0,0,0,0,0,0,0,0,0,0,0,0,0,8069,106,24,21,True
524045,KR_7316217560,2055415,411083,3,False,0,0,0,0,0,0,0,0,0,0,0,0,0,11593,144,32,26,False,6,True,0,0,0,0,0,0,0,0,2,0,0,0,0,12740,132,40,27,True
524046,KR_7315223375,1282767,256553,1,True,0,0,0,0,0,0,0,0,0,0,0,0,0,8692,88,28,21,True,0,False,0,0,0,0,0,0,0,0,0,0,0,0,0,6784,94,12,19,False
524047,KR_7315132700,2488780,497756,3,False,1,0,0,0,0,1,0,0,0,0,0,0,0,13666,197,56,32,False,4,True,0,0,0,0,0,0,0,0,3,0,0,0,0,15177,196,61,33,True
524048,KR_7313508074,1414060,282812,4,True,0,0,0,0,0,0,0,0,0,0,0,0,0,8665,79,24,19,True,4,False,0,0,0,0,0,0,0,0,0,0,0,0,0,8268,88,16,20,False
524049,KR_7313289074,1325992,265198,1,True,0,0,0,0,0,0,0,0,0,0,0,0,0,7668,95,28,22,False,1,False,0,0,0,0,0,0,0,0,0,0,0,0,0,7732,103,28,22,True
524050,KR_7313074007,1719198,343839,3,False,0,0,0,0,0,0,0,0,0,0,0,0,0,9382,126,30,24,True,2,True,0,0,0,0,0,0,0,0,0,0,0,0,0,9196,121,36,25,False
524051,KR_7313041272,1894548,378909,2,False,0,0,0,0,0,0,0,0,0,0,0,0,0,10405,150,27,27,False,4,True,0,0,0,0,0,0,0,0,2,0,0,0,0,11727,146,46,27,True
524052,KR_7313015626,1751891,350378,9,True,0,0,0,0,0,0,0,0,0,0,0,0,0,12237,125,26,24,False,3,False,0,0,0,0,0,0,0,0,0,0,0,0,0,9822,111,46,23,True
524053,KR_7313005262,987313,197462,3,True,0,0,0,0,0,0,0,0,0,0,0,0,0,7032,62,10,17,False,3,False,0,0,0,0,0,0,0,0,0,0,0,0,0,7725,51,17,16,True
524054,KR_7312986685,1282798,256559,0,False,0,0,0,0,0,0,0,0,0,0,0,0,0,7155,90,30,21,False,3,True,0,0,0,0,0,0,0,0,0,0,0,0,0,8984,93,33,22,True
524055,KR_7312979612,1990083,398016,9,True,0,0,0,0,0,0,0,0,0,0,0,0,0,13433,173,18,27,False,4,False,0,0,0,0,0,0,0,0,0,0,0,0,0,11470,151,27,27,True
524056,KR_7311701871,1798530,359706,4,True,0,0,0,0,0,0,0,0,0,0,0,0,0,9800,110,32,21,True,8,False,0,0,0,0,0,0,0,0,0,0,0,0,0,11954,127,36,25,False
524057,KR_7311682572,960050,192010,1,True,0,0,0,0,0,0,0,0,0,0,0,0,0,6452,59,24,18,False,1,False,0,0,0,0,0,0,0,0,0,0,0,0,0,5996,60,28,17,True
524058,KR_7311634765,923738,184747,1,True,0,0,0,0,0,0,0,0,0,0,0,0,0,6708,62,24,17,True,0,False,0,0,0,0,0,0,0,0,0,0,0,0,0,6138,55,12,16,False
524059,KR_7310569846,1922260,384452,2,False,0,0,0,0,0,0,0,0,0,0,0,0,0,10313,144,34,26,False,6,True,0,0,0,0,0,0,0,0,0,0,0,0,0,12820,154,36,29,True
524060,KR_7326912906,1507823,301564,0,False,0,0,0,0,0,0,0,0,0,0,0,0,0,8737,130,41,25,True,1,True,0,0,0,0,0,0,0,0,0,0,0,0,0,8971,113,25,23,False
524061,KR_7326897272,922816,184563,0,False,0,0,0,0,0,0,0,0,0,0,0,0,0,5998,60,16,16,True,1,True,0,0,0,0,0,0,0,0,0,0,0,0,0,6229,51,20,17,False
524062,KR_7326772389,1781677,356335,5,False,0,0,0,0,0,0,0,0,0,0,0,0,0,9940,86,28,20,False,8,True,0,0,0,0,0,0,0,0,0,0,0,0,0,12148,107,23,23,True
524063,KR_7326630250,1836918,367383,2,True,0,0,0,0,0,0,0,0,0,0,0,0,0,10920,154,42,28,False,0,False,0,0,0,0,0,0,0,0,0,0,0,0,0,10687,160,44,27,True
524064,KR_7325798316,1514537,302907,2,True,0,0,0,0,0,0,0,0,0,0,0,0,0,8984,102,28,23,False,0,False,0,0,0,0,0,0,0,0,0,0,0,0,0,8505,130,34,24,True
524065,KR_7323468148,1769281,353856,4,True,0,0,0,0,0,0,0,0,0,0,0,0,0,10007,113,44,24,False,5,False,0,0,0,0,0,0,0,0,0,0,0,0,0,10211,116,32,22,True
524066,KR_7323426007,1278007,255601,7,False,0,0,0,0,0,0,0,0,0,0,0,0,0,10702,92,28,21,True,6,True,0,0,0,0,0,0,0,0,0,0,0,0,0,11269,107,32,22,False
524067,KR_7323345401,2667646,533529,4,True,0,0,0,0,0,0,0,0,3,0,0,0,0,15136,204,50,33,True,4,False,1,0,1,0,0,0,0,0,0,0,0,0,0,14329,219,59,34,False
524068,KR_7323294924,1424561,284912,4,True,0,0,0,0,0,0,0,0,0,0,0,0,0,8657,86,24,21,True,3,False,0,0,0,0,0,0,0,0,0,0,0,0,0,8629,101,24,22,False
524069,KR_7323250742,1511820,302364,0,False,0,0,0,0,0,0,0,0,0,0,0,0,0,9117,114,21,22,False,4,True,0,0,0,0,0,0,0,0,0,0,0,0,0,11496,113,34,25,True
524070,KR_7323218729,954568,190913,1,False,0,0,0,0,0,0,0,0,0,0,0,0,0,6216,70,24,17,False,1,True,0,0,0,0,0,0,0,0,0,0,0,0,0,5865,61,13,16,True
524071,KR_7323168625,1593643,318728,2,True,0,0,0,0,0,0,0,0,0,0,0,0,0,9593,111,44,25,False,2,False,0,0,0,0,0,0,0,0,0,0,0,0,0,9491,121,40,24,True
524072,KR_7323132126,1199175,239835,1,True,0,0,0,0,0,0,0,0,0,0,0,0,0,6619,58,32,18,True,2,False,0,0,0,0,0,0,0,0,0,0,0,0,0,6344,49,24,18,False
524073,KR_7321918590,1538047,307609,4,True,0,0,0,0,0,0,0,0,0,0,0,0,0,11238,150,32,23,True,2,False,0,0,0,0,0,0,0,0,0,0,0,0,0,9750,139,40,24,False
524074,KR_7321887181,936207,187241,1,True,0,0,0,0,0,0,0,0,0,0,0,0,0,6131,66,16,17,True,0,False,0,0,0,0,0,0,0,0,0,0,0,0,0,5905,71,28,18,False
524075,KR_7321848042,1335258,267051,1,True,0,0,0,0,0,0,0,0,0,0,0,0,0,8657,102,28,21,True,1,False,0,0,0,0,0,0,0,0,0,0,0,0,0,7716,96,28,22,False
524076,KR_7321812069,1310660,262132,1,True,0,0,0,0,0,0,0,0,0,0,0,0,0,8034,95,38,22,True,0,False,0,0,0,0,0,0,0,0,0,0,0,0,0,7201,108,16,20,False
524077,KR_7321753858,1949708,389941,11,False,0,0,0,0,0,0,0,0,2,0,0,0,0,14387,129,31,27,True,5,True,0,0,0,0,0,0,0,0,1,0,0,0,0,10663,100,26,24,False
524078,KR_7321714793,1720438,344087,3,False,0,0,0,0,0,0,0,0,0,0,0,0,0,10159,113,27,23,True,2,True,0,0,0,0,0,0,0,0,0,0,0,0,0,9216,113,20,23,False
524079,KR_7321689575,1009114,201822,0,True,0,0,0,0,0,0,0,0,0,0,0,0,0,7460,73,20,17,True,0,False,0,0,0,0,0,0,0,0,0,0,0,0,0,5676,62,24,18,False
524080,KR_7321658251,1601132,320226,2,True,0,0,0,0,0,0,0,0,0,0,0,0,0,9851,134,39,26,True,1,False,0,0,0,0,0,0,0,0,0,0,0,0,0,8831,118,36,24,False
524081,KR_7321625299,1020794,204158,0,False,0,0,0,0,0,0,0,0,0,0,0,0,0,6129,73,24,18,False,2,True,0,0,0,0,0,0,0,0,0,0,0,0,0,6920,78,28,18,True
524082,KR_7321586563,1570325,314065,0,True,0,0,0,0,0,0,0,0,0,0,0,0,0,9149,129,36,26,True,0,False,0,0,0,0,0,0,0,0,0,0,0,0,0,9011,139,36,25,False
524083,KR_7321552703,1443244,288648,3,True,0,0,0,0,0,0,0,0,0,0,0,0,0,8793,107,36,22,True,3,False,0,0,0,0,0,0,0,0,0,0,0,0,0,8442,100,32,21,False
524084,KR_7321516302,1891627,378325,3,True,0,0,0,0,0,0,0,0,0,0,0,0,0,12091,163,46,28,True,2,False,0,0,0,0,0,0,0,0,0,0,0,0,0,11142,152,44,26,False
524085,KR_7320611458,2575604,515120,5,True,0,0,0,0,0,0,0,0,3,0,0,0,0,14760,193,53,31,False,5,False,0,0,0,0,0,0,0,0,0,0,0,0,0,14833,197,36,31,True
524086,KR_7320561858,1984579,396915,4,False,0,0,0,0,0,0,0,0,0,0,0,0,0,11354,136,36,27,False,5,True,0,0,0,0,0,0,0,0,3,0,0,0,0,12217,138,45,26,True
524087,KR_7320544447,919997,183999,2,True,0,0,0,0,0,0,0,0,0,0,0,0,0,8260,69,16,17,True,1,False,0,0,0,0,0,0,0,0,0,0,0,0,0,6164,67,23,18,False
524088,KR_7320513140,1457016,291403,3,True,0,0,0,0,0,0,0,0,0,0,0,0,0,8588,97,32,21,True,2,False,0,0,0,0,0,0,0,0,0,0,0,0,0,8060,90,32,22,False
524089,KR_7320467718,2024713,404942,2,True,1,0,0,0,0,1,0,0,0,0,0,0,0,11015,164,48,26,False,3,False,0,0,0,0,0,0,0,0,0,0,0,0,0,11260,166,44,27,True
524090,KR_7320442175,1671720,334344,4,False,0,0,0,0,0,0,0,0,0,0,0,0,0,10541,139,32,25,True,2,True,0,0,0,0,0,0,0,0,0,0,0,0,0,9485,120,36,25,False
524091,KR_7319958004,1318033,263606,4,True,0,0,0,0,0,0,0,0,0,0,0,0,0,8776,80,22,20,False,4,False,0,0,0,0,0,0,0,0,0,0,0,0,0,8240,80,30,20,True
524092,KR_7319876774,1006375,201275,5,True,0,0,0,0,0,0,0,0,0,0,0,0,0,7996,46,24,17,True,3,False,0,0,0,0,0,0,0,0,0,0,0,0,0,7266,64,20,17,False
524093,KR_7319827283,1582010,316402,3,True,0,0,0,0,0,0,0,0,0,0,0,0,0,10289,131,32,24,True,4,False,0,0,0,0,0,0,0,0,0,0,0,0,0,10267,119,32,24,False
524094,KR_7319756633,1783459,356691,2,False,0,0,0,0,0,0,0,0,0,0,0,0,0,9316,134,28,26,True,5,True,0,0,0,0,0,0,0,0,0,0,0,0,0,10547,116,32,24,False
524095,KR_7319528894,1970117,394023,1,False,0,0,0,0,0,0,0,0,0,0,0,0,0,10131,144,40,25,False,3,True,0,0,0,0,0,0,0,0,1,0,0,0,0,12194,148,48,29,True
524096,KR_7319364253,1849649,369929,5,True,0,0,0,0,0,0,0,0,0,0,0,0,0,12872,130,40,26,True,3,False,0,0,0,0,0,0,0,0,0,0,0,0,0,12140,138,40,25,False
524097,KR_7319211464,1239225,247845,2,False,0,0,0,0,0,0,0,0,0,0,0,0,0,7377,84,28,21,False,3,True,0,0,0,0,0,0,0,0,0,0,0,0,0,9004,98,32,21,True
524098,KR_7316489349,2189286,437857,0,False,0,0,0,0,0,0,0,0,2,0,0,0,0,11224,172,43,30,False,4,True,0,0,0,0,0,0,0,0,1,0,0,0,0,14495,202,46,31,True
524099,KR_7316452888,1532810,306562,2,False,0,0,0,0,0,0,0,0,0,0,0,0,0,9334,101,18,21,False,4,True,0,0,0,0,0,0,0,0,0,0,0,0,0,11554,116,35,24,True
524100,KR_7316438012,916400,183280,0,True,0,0,0,0,0,0,0,0,0,0,0,0,0,6517,64,28,18,True,0,False,0,0,0,0,0,0,0,0,0,0,0,0,0,5917,64,28,18,False
524101,KR_7315921515,913001,182600,0,True,0,0,0,0,0,0,0,0,0,0,0,0,0,5988,72,28,18,True,0,False,0,0,0,0,0,0,0,0,0,0,0,0,0,5508,54,17,16,False
524102,KR_7315874639,1617955,323591,1,True,0,0,0,0,0,0,0,0,0,0,0,0,0,9887,105,42,25,True,1,False,0,0,0,0,0,0,0,0,0,0,0,0,0,8448,99,40,24,False
524103,KR_7315817705,1501538,300307,3,False,0,0,0,0,0,0,0,0,0,0,0,0,0,8919,95,24,23,False,7,True,0,0,0,0,0,0,0,0,0,0,0,0,0,12205,130,35,24,True
524104,KR_7315654772,1607311,321462,4,True,0,0,0,0,0,0,0,0,0,0,0,0,0,10188,110,24,24,True,4,False,0,0,0,0,0,0,0,0,0,0,0,0,0,10098,118,32,24,False
524105,KR_7315576349,1788817,357763,0,False,0,0,0,0,0,0,0,0,0,0,0,0,0,8977,140,40,25,False,2,True,0,0,0,0,0,0,0,0,0,0,0,0,0,9487,106,36,24,True
524106,KR_7315509254,1716295,343259,3,True,0,0,0,0,0,0,0,0,0,0,0,0,0,10489,122,16,23,False,6,False,0,0,0,0,0,0,0,0,0,0,0,0,0,10921,92,36,22,True
524107,KR_7315456444,1141729,228345,0,True,0,0,0,0,0,0,0,0,0,0,0,0,0,5944,79,24,18,False,0,False,0,0,0,0,0,0,0,0,0,0,0,0,0,6021,74,28,18,True
524108,KR_7315378407,1770853,354170,2,True,0,0,0,0,0,0,0,0,0,0,0,0,0,8736,98,36,22,False,1,False,0,0,0,0,0,0,0,0,0,0,0,0,0,8693,106,27,22,True
524109,KR_7315304904,2082359,416471,4,True,0,0,0,0,0,0,0,0,3,0,0,0,0,11421,130,34,27,False,1,False,0,0,0,0,0,0,0,0,0,0,0,0,0,10180,144,48,27,True
524110,KR_7315238034,2126115,425223,2,False,0,0,0,0,0,0,0,0,1,0,0,0,0,12710,174,49,31,False,2,True,0,0,0,0,0,0,0,0,2,0,0,0,0,12447,157,51,31,True
524111,KR_7315180980,1338119,267623,1,False,0,0,0,0,0,0,0,0,0,0,0,0,0,6684,56,28,17,False,4,True,0,0,0,0,0,0,0,0,0,0,0,0,0,9059,83,16,19,True
524112,KR_7315135190,1552065,310413,3,False,0,0,0,0,0,0,0,0,0,0,0,0,0,10323,133,48,27,False,1,True,0,0,0,0,0,0,0,0,0,0,0,0,0,9328,109,36,25,True
524113,KR_7315064892,1842974,368594,0,False,0,0,0,0,0,0,0,0,0,0,0,0,0,9967,152,44,28,False,3,True,0,0,0,0,0,0,0,0,0,0,0,0,0,11337,145,44,26,True
524114,KR_7315046563,104740,20948,0,False,0,0,0,0,0,0,0,0,0,0,0,0,0,2500,0,0,5,False,0,False,0,0,0,0,0,0,0,0,0,0,0,0,0,2500,0,0,5,True
524115,KR_7314944334,1363938,272787,1,True,0,0,0,0,0,0,0,0,0,0,0,0,0,8003,100,36,21,False,1,False,0,0,0,0,0,0,0,0,0,0,0,0,0,7692,97,24,22,True
524116,KR_7312298835,1365520,273104,1,True,0,0,0,0,0,0,0,0,0,0,0,0,0,7366,74,32,20,True,3,False,0,0,0,0,0,0,0,0,0,0,0,0,0,8700,103,32,22,False
524117,KR_7312221580,1588125,317625,4,True,0,0,0,0,0,0,0,0,0,0,0,0,0,10955,114,34,24,True,4,False,0,0,0,0,0,0,0,0,0,0,0,0,0,9796,115,37,24,False
524118,KR_7311925927,996364,199272,1,False,0,0,0,0,0,0,0,0,0,0,0,0,0,6154,68,20,17,False,1,True,0,0,0,0,0,0,0,0,0,0,0,0,0,6943,70,28,18,True
524119,KR_7311878608,1694435,338887,1,False,0,0,0,0,0,0,0,0,0,0,0,0,0,8960,121,42,24,True,2,True,0,0,0,0,0,0,0,0,0,0,0,0,0,10024,152,40,26,False
524120,KR_7310914730,1421914,284382,2,False,0,0,0,0,0,0,0,0,0,0,0,0,0,7879,90,24,21,False,3,True,0,0,0,0,0,0,0,0,0,0,0,0,0,8806,104,36,20,True
524121,KR_7310855058,1600147,320029,3,False,0,0,0,0,0,0,0,0,0,0,0,0,0,10196,130,32,26,True,1,True,0,0,0,0,0,0,0,0,0,0,0,0,0,8990,116,38,24,False
524122,KR_7308416299,2010997,402199,2,False,0,0,0,0,0,0,0,0,0,0,0,0,0,10731,159,40,27,True,2,True,0,0,0,0,0,0,0,0,0,0,0,0,0,10618,141,37,26,False
524123,KR_7308384905,1565485,313097,1,False,0,0,0,0,0,0,0,0,0,0,0,0,0,9384,125,44,25,False,1,True,0,0,0,0,0,0,0,0,0,0,0,0,0,9837,155,39,27,True
524124,KR_7308358386,1831440,366288,1,False,0,0,0,0,0,0,0,0,0,0,0,0,0,10263,152,42,25,False,5,True,0,0,0,0,0,0,0,0,0,0,0,0,0,12352,153,38,28,True
524125,KR_7308303998,1644212,328842,2,False,0,0,0,0,0,0,0,0,0,0,0,0,0,9524,111,38,24,False,3,True,0,0,0,0,0,0,0,0,0,0,0,0,0,9664,112,29,23,True
524126,KR_7308271092,1154004,230800,2,True,0,0,0,0,0,0,0,0,0,0,0,0,0,6742,53,28,18,True,0,False,0,0,0,0,0,0,0,0,0,0,0,0,0,5351,61,12,15,False
524127,KR_7308193140,1923252,384650,1,True,0,0,0,0,0,0,0,0,0,0,0,0,0,10252,144,40,26,True,4,False,0,0,0,0,0,0,0,0,0,0,0,0,0,11388,132,34,26,False
524128,KR_7308139341,1249913,249982,0,False,0,0,0,0,0,0,0,0,0,0,0,0,0,7348,103,32,20,False,0,True,0,0,0,0,0,0,0,0,0,0,0,0,0,7444,96,38,21,True
524129,KR_7308051737,1591640,318328,3,True,0,0,0,0,0,0,0,0,0,0,0,0,0,10192,132,32,24,True,3,False,0,0,0,0,0,0,0,0,0,0,0,0,0,9730,119,44,25,False
524130,KR_7307985125,1178881,235776,0,False,0,0,0,0,0,0,0,0,0,0,0,0,0,5731,61,28,18,False,0,True,0,0,0,0,0,0,0,0,0,0,0,0,0,5639,61,24,18,True
524131,KR_7307861451,2016953,403390,3,False,0,0,0,0,0,0,0,0,0,0,0,0,0,11380,132,36,27,True,7,True,0,0,0,0,0,0,0,0,0,0,0,0,0,12750,156,38,27,False
524132,KR_7307794850,913411,182682,2,True,0,0,0,0,0,0,0,0,0,0,0,0,0,7744,67,20,17,True,1,False,0,0,0,0,0,0,0,0,0,0,0,0,0,5983,71,16,16,False
524133,KR_7306376596,1517605,303521,1,False,0,0,0,0,0,0,0,0,0,0,0,0,0,10069,112,28,23,False,2,True,0,0,0,0,0,0,0,0,0,0,0,0,0,10883,109,24,23,True
524134,KR_7306290547,2022653,404530,5,True,1,0,0,0,0,1,0,0,0,0,0,0,0,12522,156,43,27,False,4,False,0,0,0,0,0,0,0,0,0,0,0,0,0,11787,153,44,27,True
524135,KR_7306182743,2135403,427080,1,True,0,0,0,0,0,0,0,0,0,0,0,0,0,12159,211,43,30,True,0,False,0,0,0,0,0,0,0,0,1,0,0,0,0,12359,200,54,31,False
524136,KR_7306110778,2223007,444601,7,False,0,0,0,0,0,0,0,0,3,0,0,0,0,15218,179,46,30,False,6,True,0,0,0,0,0,0,0,0,0,0,0,0,0,14802,168,51,29,True
524137,KR_7306042982,1737180,347436,1,True,0,0,0,0,0,0,0,0,0,0,0,0,0,9455,141,32,23,False,6,False,0,0,0,0,0,0,0,0,0,0,0,0,0,11463,121,36,25,True
524138,KR_7305994744,1987230,397446,5,True,0,0,0,0,0,0,0,0,0,0,0,0,0,12103,141,36,27,False,3,False,0,0,0,0,0,0,0,0,0,0,0,0,0,11353,151,44,26,True
524139,KR_7326435459,925413,185082,7,False,0,0,0,0,0,0,0,0,0,0,0,0,0,17457,37,0,30,True,5,True,0,0,0,0,0,0,0,0,0,0,0,0,0,17794,30,0,30,False
524140,KR_7324967096,987550,197510,6,False,0,0,0,0,0,0,0,0,0,0,0,0,0,16538,28,0,30,False,8,True,0,0,0,0,0,0,0,0,0,0,0,0,0,17605,38,0,30,True
524141,KR_7324926428,1161812,232362,8,False,0,0,0,0,0,0,0,0,0,0,0,0,0,16888,36,0,30,False,6,True,0,0,0,0,0,0,0,0,0,0,0,0,0,16593,36,0,30,True
524142,KR_7323473382,1456318,291263,0,False,0,0,0,0,0,0,0,0,0,0,0,0,0,7297,105,23,21,True,0,True,0,0,0,0,0,0,0,0,0,0,0,0,0,7472,106,20,21,False
524143,KR_7323173596,1270551,254110,0,True,0,0,0,0,0,0,0,0,0,0,0,0,0,7981,108,32,22,True,0,False,0,0,0,0,0,0,0,0,0,0,0,0,0,7181,93,36,21,False
524144,KR_7322999098,1674231,334846,5,True,0,0,0,0,0,0,0,0,0,0,0,0,0,10726,100,27,23,True,2,False,0,0,0,0,0,0,0,0,0,0,0,0,0,9001,114,28,24,False
524145,KR_7322961137,1120532,224106,0,False,0,0,0,0,0,0,0,0,0,0,0,0,0,6387,73,28,18,False,1,True,0,0,0,0,0,0,0,0,0,0,0,0,0,6567,66,20,17,True
524146,KR_7322872661,1179956,235991,4,True,0,0,0,0,0,0,0,0,0,0,0,0,0,7606,74,20,17,True,0,False,0,0,0,0,0,0,0,0,0,0,0,0,0,5674,74,16,17,False
524147,KR_7322752927,1201757,240351,11,True,0,0,0,0,0,0,0,0,0,0,0,0,0,22260,57,0,36,False,9,False,0,0,0,0,0,0,0,0,0,0,0,0,0,21000,40,0,36,True
524148,KR_7322499303,928988,185797,0,False,0,0,0,0,0,0,0,0,0,0,0,0,0,5830,66,20,17,True,1,True,0,0,0,0,0,0,0,0,0,0,0,0,0,6789,73,20,17,False
524149,KR_7320906458,1404432,280886,10,True,0,0,0,0,0,0,0,0,0,0,0,0,0,20378,51,0,35,True,7,False,0,0,0,0,0,0,0,0,0,0,0,0,0,19136,41,0,35,False
524150,KR_7320765462,946274,189254,7,True,0,0,0,0,0,0,0,0,0,0,0,0,0,18596,36,0,34,True,6,False,0,0,0,0,0,0,0,0,0,0,0,0,0,17087,23,0,30,False
524151,KR_7316559344,1146650,229330,14,False,0,0,0,0,0,0,0,0,0,0,0,0,0,18211,37,0,32,True,10,True,0,0,0,0,0,0,0,0,0,0,0,0,0,17830,36,0,31,False
524152,KR_7314924216,1208597,241719,13,False,0,0,0,0,0,0,0,0,0,0,0,0,0,22279,56,0,36,False,11,True,0,0,0,0,0,0,0,0,0,0,0,0,0,22681,43,0,37,True
524153,KR_7314883755,1298249,259649,15,True,0,0,0,0,0,0,0,0,0,0,0,0,0,20835,51,0,35,True,14,False,0,0,0,0,0,0,0,0,0,0,0,0,0,21587,51,0,35,False
524154,KR_7314868018,985452,197090,5,True,0,0,0,0,0,0,0,0,0,0,0,0,0,16527,36,0,30,True,5,False,0,0,0,0,0,0,0,0,0,0,0,0,0,16850,43,0,30,False
524155,KR_7314832751,998354,199670,6,True,0,0,0,0,0,0,0,0,0,0,0,0,0,17657,42,0,30,True,1,False,0,0,0,0,0,0,0,0,0,0,0,0,0,14786,40,0,29,False
524156,KR_7313788774,1060091,212018,4,True,0,0,0,0,0,0,0,0,0,0,0,0,0,16087,37,0,30,False,5,False,0,0,0,0,0,0,0,0,0,0,0,0,0,17010,39,0,30,True
524157,KR_7313320682,1178345,235669,1,True,0,0,0,0,0,0,0,0,0,0,0,0,0,6003,55,24,17,True,0,False,0,0,0,0,0,0,0,0,0,0,0,0,0,5612,71,16,17,False
524158,KR_7313292460,912484,182496,0,False,0,0,0,0,0,0,0,0,0,0,0,0,0,5623,68,16,17,False,0,True,0,0,0,0,0,0,0,0,0,0,0,0,0,7206,75,20,17,True
524159,KR_7313255513,1353285,270657,2,True,0,0,0,0,0,0,0,0,0,0,0,0,0,8116,108,23,20,True,1,False,0,0,0,0,0,0,0,0,0,0,0,0,0,7259,81,32,20,False
524160,KR_7313139407,1612603,322520,2,False,0,0,0,0,0,0,0,0,0,0,0,0,0,10384,115,25,23,True,5,True,0,0,0,0,0,0,0,0,0,0,0,0,0,10667,120,26,24,False
524161,KR_7313120054,1415168,283033,4,True,0,0,0,0,0,0,0,0,0,0,0,0,0,9271,90,32,22,False,4,False,0,0,0,0,0,0,0,0,0,0,0,0,0,8797,77,31,21,True
524162,KR_7313077903,2105976,421195,2,False,0,0,0,0,0,0,0,0,0,0,0,0,0,12504,214,41,30,False,4,True,0,0,0,0,0,0,0,0,3,0,0,0,0,13910,175,52,30,True
524163,KR_7313056653,1113977,222795,1,True,0,0,0,0,0,0,0,0,0,0,0,0,0,6615,82,24,18,False,0,False,0,0,0,0,0,0,0,0,0,0,0,0,0,5894,64,28,18,True
524164,KR_7313034325,1586593,317318,3,True,0,0,0,0,0,0,0,0,0,0,0,0,0,9931,128,38,25,False,1,False,0,0,0,0,0,0,0,0,0,0,0,0,0,9055,120,32,24,True
524165,KR_7310205614,1865308,373061,2,False,0,0,0,0,0,0,0,0,1,0,0,0,0,17468,118,45,27,False,6,True,0,0,0,0,0,0,0,0,2,0,0,0,0,19214,119,30,29,True
524166,KR_7303988753,917094,183418,18,True,0,0,0,0,0,0,0,0,0,0,0,0,0,20202,42,0,35,True,5,False,0,0,0,0,0,0,0,0,0,0,0,0,0,18512,21,0,31,False
524167,KR_7303983273,836370,167274,2,False,0,0,0,0,0,0,0,0,0,0,0,0,0,12845,22,0,25,False,8,True,0,0,0,0,0,0,0,0,0,0,0,0,0,15197,29,0,25,True
524168,KR_7303384029,1909501,381900,3,True,0,0,0,0,0,0,0,0,1,0,0,0,0,11547,120,30,25,False,6,False,0,0,0,0,0,0,0,0,0,0,0,0,0,12339,151,32,27,True
524169,KR_7303316147,1298779,259755,3,False,0,0,0,0,0,0,0,0,0,0,0,0,0,9025,111,15,20,False,2,True,0,0,0,0,0,0,0,0,0,0,0,0,0,7494,63,20,19,True
524170,KR_7303258497,946956,189391,1,False,0,0,0,0,0,0,0,0,0,0,0,0,0,5519,39,20,16,False,1,True,0,0,0,0,0,0,0,0,0,0,0,0,0,6335,53,16,15,True
524171,KR_7303198463,1336051,267210,1,True,0,0,0,0,0,0,0,0,0,0,0,0,0,8277,101,32,22,True,0,False,0,0,0,0,0,0,0,0,0,0,0,0,0,6954,92,24,21,False
524172,KR_7303100776,2325512,465102,4,True,0,0,0,0,0,0,0,0,3,0,0,0,0,12463,150,44,30,True,5,False,0,0,0,0,0,0,0,0,0,0,0,0,0,13442,183,41,30,False
524173,KR_7303070114,913160,182632,1,True,0,0,0,0,0,0,0,0,0,0,0,0,0,6233,74,12,17,True,0,False,0,0,0,0,0,0,0,0,0,0,0,0,0,5708,61,24,17,False
524174,KR_7302987924,2129327,425865,5,True,0,0,0,0,0,0,0,0,3,0,0,0,0,14693,200,46,32,True,3,False,0,0,0,0,0,0,0,0,0,0,0,0,0,13218,189,53,31,False
524175,KR_7301617556,1349063,269812,1,True,0,0,0,0,0,0,0,0,0,0,0,0,0,7671,99,32,21,False,0,False,0,0,0,0,0,0,0,0,0,0,0,0,0,7354,86,36,23,True
524176,KR_7301562483,1225566,245113,3,True,0,0,0,0,0,0,0,0,0,0,0,0,0,8282,94,24,20,False,1,False,0,0,0,0,0,0,0,0,0,0,0,0,0,7560,83,32,20,True
524177,KR_7301481501,2022517,404503,1,False,0,0,0,0,0,0,0,0,0,0,0,0,0,10050,149,44,27,False,3,True,0,0,0,0,0,0,0,0,3,0,0,0,0,12166,164,42,28,True
524178,KR_7301422942,1443249,288649,2,False,0,0,0,0,0,0,0,0,0,0,0,0,0,8319,89,36,23,True,2,True,0,0,0,0,0,0,0,0,0,0,0,0,0,7715,92,21,21,False
524179,KR_7301377208,1628209,325641,6,True,0,0,0,0,0,0,0,0,0,0,0,0,0,10994,106,32,23,False,6,False,0,0,0,0,0,0,0,0,0,0,0,0,0,10725,115,28,22,True
524180,KR_7301321343,1187688,237537,2,True,0,0,0,0,0,0,0,0,0,0,0,0,0,6780,73,27,18,True,1,False,0,0,0,0,0,0,0,0,0,0,0,0,0,6060,64,28,17,False
524181,KR_7301153839,1894157,378831,5,True,0,0,0,0,0,0,0,0,0,0,0,0,0,12195,161,31,27,False,1,False,0,0,0,0,0,0,0,0,0,0,0,0,0,10249,134,36,25,True
524182,KR_7301107658,1759951,351990,3,False,0,0,0,0,0,0,0,0,0,0,0,0,0,9367,92,30,24,False,6,True,0,0,0,0,0,0,0,0,0,0,0,0,0,11485,124,42,24,True
524183,KR_7301070271,1538633,307726,2,True,0,0,0,0,0,0,0,0,0,0,0,0,0,9148,102,24,23,True,2,False,0,0,0,0,0,0,0,0,0,0,0,0,0,9575,118,32,24,False
524184,KR_7301023038,1117880,223576,1,True,0,0,0,0,0,0,0,0,0,0,0,0,0,6588,65,32,18,True,0,False,0,0,0,0,0,0,0,0,0,0,0,0,0,5743,63,24,18,False
524185,KR_7300996389,912825,182565,2,True,0,0,0,0,0,0,0,0,0,0,0,0,0,7492,61,28,18,True,0,False,0,0,0,0,0,0,0,0,0,0,0,0,0,6071,61,24,18,False
524186,KR_7300828364,1290411,258082,3,False,0,0,0,0,0,0,0,0,0,0,0,0,0,8510,96,20,21,False,3,True,0,0,0,0,0,0,0,0,0,0,0,0,0,8959,98,28,21,True
524187,KR_7300799920,1926705,385341,5,False,0,0,0,0,0,0,0,0,2,0,0,0,0,11544,130,46,26,True,4,True,1,0,0,1,0,0,0,0,0,0,0,0,0,11701,150,32,26,False
524188,KR_7300797464,1120495,224099,0,True,0,0,0,0,0,0,0,0,0,0,0,0,0,6115,74,28,18,True,0,False,0,0,0,0,0,0,0,0,0,0,0,0,0,5841,70,28,18,False
524189,KR_7300777535,1622041,324408,2,True,0,0,0,0,0,0,0,0,0,0,0,0,0,9511,130,40,25,True,2,False,0,0,0,0,0,0,0,0,0,0,0,0,0,8717,101,28,23,False
524190,KR_7300526783,1351571,270314,0,False,0,0,0,0,0,0,0,0,0,0,0,0,0,7582,93,28,21,False,2,True,0,0,0,0,0,0,0,0,0,0,0,0,0,8413,110,34,22,True
524191,KR_7300493563,1326933,265386,2,True,0,0,0,0,0,0,0,0,0,0,0,0,0,7942,97,28,21,False,3,False,0,0,0,0,0,0,0,0,0,0,0,0,0,8281,87,36,23,True
524192,KR_7300427893,1871220,374244,1,False,0,0,0,0,0,0,0,0,0,0,0,0,0,10425,132,38,24,False,3,True,0,0,0,0,0,0,0,0,1,0,0,0,0,13876,162,44,28,True
524193,KR_7300364773,1739607,347921,8,False,0,0,0,0,0,0,0,0,0,0,0,0,0,12080,128,33,25,True,4,True,0,0,0,0,0,0,0,0,0,0,0,0,0,10829,125,31,25,False
524194,KR_7300319761,806272,161254,0,False,0,0,0,0,0,0,0,0,0,0,0,0,0,4272,49,4,12,False,0,True,0,0,0,0,0,0,0,0,0,0,0,0,0,4311,20,3,10,True
524195,KR_7300250745,1773458,354691,3,False,0,0,0,0,0,0,0,0,0,0,0,0,0,9908,110,39,24,False,2,True,0,0,0,0,0,0,0,0,0,0,0,0,0,9443,127,36,24,True
524196,KR_7300209594,945835,189167,1,True,0,0,0,0,0,0,0,0,0,0,0,0,0,6354,65,24,17,False,0,False,0,0,0,0,0,0,0,0,0,0,0,0,0,5983,73,28,18,True
524197,KR_7300168013,1392956,278591,1,True,0,0,0,0,0,0,0,0,0,0,0,0,0,8221,94,27,21,True,0,False,0,0,0,0,0,0,0,0,0,0,0,0,0,6837,86,22,20,False
524198,KR_7300099562,1871781,374356,3,False,0,0,0,0,0,0,0,0,0,0,0,0,0,11059,143,39,26,True,3,True,0,0,0,0,0,0,0,0,0,0,0,0,0,12470,173,36,27,False
524199,KR_7300059298,1363379,272675,4,False,0,0,0,0,0,0,0,0,0,0,0,0,0,8826,81,16,19,True,4,True,0,0,0,0,0,0,0,0,0,0,0,0,0,8869,76,16,18,False
524200,KR_7300012218,2031044,406208,3,False,0,0,0,0,0,0,0,0,2,0,0,0,0,11821,166,46,28,False,3,True,0,0,0,0,0,0,0,0,0,0,0,0,0,11487,153,32,27,True
524201,KR_7299955731,2133540,426708,3,True,0,0,0,0,0,0,0,0,1,0,0,0,0,13865,190,54,30,True,1,False,0,0,0,0,0,0,0,0,2,0,0,0,0,13014,201,47,30,False
524202,KR_7296919334,1718262,343652,3,True,0,0,0,0,0,0,0,0,0,0,0,0,0,10056,124,36,25,False,2,False,0,0,0,0,0,0,0,0,0,0,0,0,0,9236,131,30,23,True
524203,KR_7296868898,1446841,289368,6,False,0,0,0,0,0,0,0,0,0,0,0,0,0,9719,92,16,22,True,3,True,0,0,0,0,0,0,0,0,0,0,0,0,0,7929,90,20,19,False
524204,KR_7296831982,1075993,215198,1,False,0,0,0,0,0,0,0,0,0,0,0,0,0,7220,79,24,18,False,1,True,0,0,0,0,0,0,0,0,0,0,0,0,0,6369,68,28,18,True
524205,KR_7296749254,1929866,385973,5,True,0,0,0,0,0,0,0,0,0,0,0,0,0,11822,150,32,26,False,6,False,1,0,1,0,0,0,0,0,0,0,0,0,0,13020,147,52,27,True
524206,KR_7296672649,1746464,349292,2,False,0,0,0,0,0,0,0,0,0,0,0,0,0,9857,131,43,25,True,1,True,0,0,0,0,0,0,0,0,0,0,0,0,0,9886,149,28,25,False
524207,KR_7294711556,1867685,373537,5,True,0,0,0,0,0,0,0,0,0,0,0,0,0,12507,135,43,27,True,3,False,0,0,0,0,0,0,0,0,0,0,0,0,0,11923,145,40,27,False
524208,KR_7294648256,1461549,292309,1,False,0,0,0,0,0,0,0,0,0,0,0,0,0,7475,93,24,21,True,4,True,0,0,0,0,0,0,0,0,0,0,0,0,0,9393,97,36,22,False
524209,KR_7294577299,1685994,337198,1,False,0,0,0,0,0,0,0,0,0,0,0,0,0,9040,118,44,25,True,3,True,0,0,0,0,0,0,0,0,0,0,0,0,0,10124,113,39,26,False
524210,KR_7294478960,2144714,428942,4,True,0,0,0,0,0,0,0,0,3,0,0,0,0,12961,163,49,30,False,3,False,1,1,0,0,0,0,0,0,0,0,0,0,0,12646,172,56,30,True
524211,KR_7294414850,1695040,339008,1,False,0,0,0,0,0,0,0,0,0,0,0,0,0,9878,136,28,24,True,5,True,0,0,0,0,0,0,0,0,0,0,0,0,0,10039,93,36,25,False
524212,KR_7294280637,1802713,360542,0,False,0,0,0,0,0,0,0,0,0,0,0,0,0,10654,163,44,27,False,0,True,0,0,0,0,0,0,0,0,0,0,0,0,0,12254,173,48,29,True
524213,KR_7294215541,1866027,373205,1,False,0,0,0,0,0,0,0,0,0,0,0,0,0,10816,155,39,26,False,5,True,0,0,0,0,0,0,0,0,0,0,0,0,0,12137,122,38,25,True
524214,KR_7294091065,2236262,447252,5,True,0,0,0,0,0,0,0,0,1,0,0,0,0,13737,167,50,30,True,4,False,0,0,0,0,0,0,0,0,2,0,0,0,0,13007,179,47,30,False
524215,KR_7292696221,1474340,294868,3,True,0,0,0,0,0,0,0,0,0,0,0,0,0,8212,85,32,20,True,2,False,0,0,0,0,0,0,0,0,0,0,0,0,0,8067,97,23,20,False
524216,KR_7292605685,1897978,379595,1,True,0,0,0,0,0,0,0,0,0,0,0,0,0,10539,140,44,28,True,1,False,0,0,0,0,0,0,0,0,0,0,0,0,0,10611,155,44,27,False
524217,KR_7292483043,2345291,469058,3,True,0,0,0,0,0,0,0,0,0,0,0,0,0,12558,178,48,32,True,3,False,0,0,0,0,0,0,0,0,3,0,0,0,0,13509,183,66,30,False
524218,KR_7292400174,1816575,363315,15,True,0,0,0,0,0,0,0,0,0,0,0,0,0,27462,80,0,45,True,20,False,0,0,0,0,0,0,0,0,0,0,0,0,0,27773,89,0,47,False
524219,KR_7292375416,533946,106789,5,False,0,0,0,0,0,0,0,0,0,0,0,0,0,11464,11,0,23,True,3,True,0,0,0,0,0,0,0,0,0,0,0,0,0,10030,10,0,20,False
524220,KR_7286316305,917281,183456,9,False,0,0,0,0,0,0,0,0,0,0,0,0,0,16965,38,0,30,True,5,True,0,0,0,0,0,0,0,0,0,0,0,0,0,16998,35,0,30,False
524221,KR_7284405259,933418,186683,8,True,0,0,0,0,0,0,0,0,0,0,0,0,0,18812,35,0,33,True,7,False,0,0,0,0,0,0,0,0,0,0,0,0,0,17416,36,0,31,False
524222,KR_7284377757,774720,154944,2,False,0,0,0,0,0,0,0,0,0,0,0,0,0,13100,26,0,25,True,3,True,0,0,0,0,0,0,0,0,0,0,0,0,0,13013,16,0,25,False
524223,KR_7279969553,1175246,235049,9,False,0,0,0,0,0,0,0,0,0,0,0,0,0,17148,40,0,31,False,9,True,0,0,0,0,0,0,0,0,0,0,0,0,0,16878,30,0,30,True
524224,KR_7322729182,1275727,255145,3,False,0,0,0,0,0,0,0,0,0,0,0,0,0,8104,91,22,22,True,1,True,0,0,0,0,0,0,0,0,0,0,0,0,0,7998,98,32,21,False
524225,KR_7321683403,1388897,277779,1,True,0,0,0,0,0,0,0,0,0,0,0,0,0,8172,93,28,20,False,2,False,0,0,0,0,0,0,0,0,0,0,0,0,0,7935,101,20,19,True
524226,KR_7321594126,915327,183065,2,False,0,0,0,0,0,0,0,0,0,0,0,0,0,5708,44,14,14,False,4,True,0,0,0,0,0,0,0,0,0,0,0,0,0,7174,50,16,16,True
524227,KR_7321453980,1562158,312431,1,True,0,0,0,0,0,0,0,0,0,0,0,0,0,9130,122,32,23,False,0,False,0,0,0,0,0,0,0,0,0,0,0,0,0,8106,113,20,24,True
524228,KR_7319379458,2128432,425686,6,True,1,0,0,0,0,0,1,0,0,0,0,0,0,13942,164,32,30,False,2,False,0,0,0,0,0,0,0,0,0,0,0,0,0,12905,184,46,30,True
524229,KR_7317491216,920048,184009,1,True,0,0,0,0,0,0,0,0,0,0,0,0,0,6421,67,28,18,False,1,False,0,0,0,0,0,0,0,0,0,0,0,0,0,6257,63,28,17,True
524230,KR_7317029678,1103589,220717,1,True,0,0,0,0,0,0,0,0,0,0,0,0,0,6374,72,19,16,True,1,False,0,0,0,0,0,0,0,0,0,0,0,0,0,6283,81,16,17,False
524231,KR_7316591917,1545493,309098,2,False,0,0,0,0,0,0,0,0,0,0,0,0,0,10220,140,34,25,False,1,True,0,0,0,0,0,0,0,0,0,0,0,0,0,9433,134,24,24,True
524232,KR_7316484897,925959,185191,1,False,0,0,0,0,0,0,0,0,0,0,0,0,0,6603,61,20,16,False,2,True,0,0,0,0,0,0,0,0,0,0,0,0,0,6761,63,20,17,True
524233,KR_7316427306,1692228,338445,6,False,0,0,0,0,0,0,0,0,0,0,0,0,0,11107,109,20,23,True,3,True,0,0,0,0,0,0,0,0,0,0,0,0,0,9590,99,28,23,False
524234,KR_7315098343,1666846,333369,1,True,0,0,0,0,0,0,0,0,0,0,0,0,0,9346,134,46,26,True,2,False,0,0,0,0,0,0,0,0,0,0,0,0,0,9330,140,36,26,False
524235,KR_7311987039,1628115,325623,3,True,0,0,0,0,0,0,0,0,0,0,0,0,0,9814,118,30,24,True,1,False,0,0,0,0,0,0,0,0,0,0,0,0,0,9096,133,38,24,False
524236,KR_7310879051,1730018,346003,2,True,0,0,0,0,0,0,0,0,0,0,0,0,0,9296,117,36,24,True,5,False,0,0,0,0,0,0,0,0,0,0,0,0,0,10986,132,40,25,False
524237,KR_7310619304,919558,183911,0,False,0,0,0,0,0,0,0,0,0,0,0,0,0,5403,56,16,17,False,0,True,0,0,0,0,0,0,0,0,0,0,0,0,0,7493,61,28,18,True
524238,KR_7310297003,2111327,422265,6,False,0,0,0,0,0,0,0,0,2,0,0,0,0,15390,183,42,28,True,7,True,0,0,0,0,0,0,0,0,0,0,0,0,0,13634,137,43,29,False
524239,KR_7310263187,913133,182626,1,True,0,0,0,0,0,0,0,0,0,0,0,0,0,7420,62,15,17,True,0,False,0,0,0,0,0,0,0,0,0,0,0,0,0,5784,49,16,17,False
524240,KR_7310222242,1194636,238927,2,True,0,0,0,0,0,0,0,0,0,0,0,0,0,6707,71,24,18,False,1,False,0,0,0,0,0,0,0,0,0,0,0,0,0,6234,67,28,18,True
524241,KR_7309357477,1824837,364967,3,False,0,0,0,0,0,0,0,0,0,0,0,0,0,11339,143,25,27,True,3,True,0,0,0,0,0,0,0,0,0,0,0,0,0,11167,144,44,26,False
524242,KR_7309297098,1369535,273907,1,True,0,0,0,0,0,0,0,0,0,0,0,0,0,7547,98,32,22,False,0,False,0,0,0,0,0,0,0,0,0,0,0,0,0,7364,104,32,22,True
524243,KR_7309101798,1732518,346503,1,False,0,0,0,0,0,0,0,0,0,0,0,0,0,9312,136,37,25,False,5,True,0,0,0,0,0,0,0,0,0,0,0,0,0,10448,102,38,25,True
524244,KR_7308954249,1562442,312488,3,True,0,0,0,0,0,0,0,0,0,0,0,0,0,10249,137,36,26,False,1,False,0,0,0,0,0,0,0,0,0,0,0,0,0,9121,124,40,25,True
524245,KR_7308917398,1438769,287753,3,True,0,0,0,0,0,0,0,0,0,0,0,0,0,8918,107,37,22,True,1,False,0,0,0,0,0,0,0,0,0,0,0,0,0,6995,73,22,20,False
524246,KR_7304869548,2130951,426190,6,True,0,0,0,0,0,0,0,0,0,0,0,0,0,14281,192,54,32,False,2,False,1,0,1,0,0,0,0,0,0,0,0,0,0,11526,145,48,29,True
524247,KR_7304429839,1257228,251445,1,True,0,0,0,0,0,0,0,0,0,0,0,0,0,7709,80,16,19,False,2,False,0,0,0,0,0,0,0,0,0,0,0,0,0,8715,101,16,20,True
524248,KR_7304273570,1391349,278269,2,True,0,0,0,0,0,0,0,0,0,0,0,0,0,8330,92,23,19,False,3,False,0,0,0,0,0,0,0,0,0,0,0,0,0,9623,86,12,20,True
524249,KR_7304217627,1644398,328879,4,True,0,0,0,0,0,0,0,0,0,0,0,0,0,10295,119,32,24,True,5,False,0,0,0,0,0,0,0,0,0,0,0,0,0,10794,112,20,24,False
524250,KR_7304149523,2075300,415060,4,False,0,0,0,0,0,0,0,0,2,0,0,0,0,11669,146,36,25,False,6,True,0,0,0,0,0,0,0,0,1,0,0,0,0,12914,153,32,26,True
524251,KR_7304078648,1689613,337922,6,True,0,0,0,0,0,0,0,0,0,0,0,0,0,11454,102,27,23,True,4,False,0,0,0,0,0,0,0,0,0,0,0,0,0,10679,134,34,23,False
524252,KR_7304055445,1135324,227064,3,False,0,0,0,0,0,0,0,0,0,0,0,0,0,6912,55,16,15,True,2,True,0,0,0,0,0,0,0,0,0,0,0,0,0,6188,50,12,15,False
524253,KR_7304022345,1435756,287151,2,False,0,0,0,0,0,0,0,0,0,0,0,0,0,7625,86,15,20,True,3,True,0,0,0,0,0,0,0,0,0,0,0,0,0,9103,97,20,20,False
524254,KR_7302860850,911186,182237,2,True,0,0,0,0,0,0,0,0,0,0,0,0,0,6686,63,12,17,True,0,False,0,0,0,0,0,0,0,0,0,0,0,0,0,5764,64,28,17,False
524255,KR_7302738365,1857807,371561,6,True,0,0,0,0,0,0,0,0,0,0,0,0,0,12290,120,34,25,False,2,False,0,0,0,0,0,0,0,0,0,0,0,0,0,10641,156,36,25,True
524256,KR_7302652961,917044,183408,0,False,0,0,0,0,0,0,0,0,0,0,0,0,0,6400,61,24,18,True,0,True,0,0,0,0,0,0,0,0,0,0,0,0,0,6715,64,16,17,False
524257,KR_7301196957,1371946,274389,6,False,0,0,0,0,0,0,0,0,0,0,0,0,0,9383,90,28,22,True,4,True,0,0,0,0,0,0,0,0,0,0,0,0,0,8680,82,29,20,False
524258,KR_7301167478,1395399,279079,3,True,0,0,0,0,0,0,0,0,0,0,0,0,0,8605,100,32,22,False,2,False,0,0,0,0,0,0,0,0,0,0,0,0,0,7701,103,28,22,True
524259,KR_7301135710,1115440,223088,3,True,0,0,0,0,0,0,0,0,0,0,0,0,0,6941,61,22,17,True,0,False,0,0,0,0,0,0,0,0,0,0,0,0,0,5569,55,22,16,False
524260,KR_7301118167,947093,189418,1,False,0,0,0,0,0,0,0,0,0,0,0,0,0,6255,28,16,14,False,1,True,0,0,0,0,0,0,0,0,0,0,0,0,0,6584,53,24,16,True
524261,KR_7301090100,1168509,233701,2,True,0,0,0,0,0,0,0,0,0,0,0,0,0,6770,77,16,17,True,0,False,0,0,0,0,0,0,0,0,0,0,0,0,0,5878,78,20,17,False
524262,KR_7301053801,1002106,200421,1,True,0,0,0,0,0,0,0,0,0,0,0,0,0,7486,61,24,17,True,1,False,0,0,0,0,0,0,0,0,0,0,0,0,0,6194,48,12,16,False
524263,KR_7280531259,1386018,277203,2,False,0,0,0,0,0,0,0,0,0,0,0,0,0,7933,87,20,21,False,2,True,0,0,0,0,0,0,0,0,0,0,0,0,0,7986,86,28,21,True
524264,KR_7280447729,1599581,319916,3,False,0,0,0,0,0,0,0,0,0,0,0,0,0,10250,132,44,25,True,2,True,0,0,0,0,0,0,0,0,0,0,0,0,0,9628,126,40,26,False
524265,KR_7280371992,933169,186633,0,False,0,0,0,0,0,0,0,0,0,0,0,0,0,6498,67,21,16,True,1,True,0,0,0,0,0,0,0,0,0,0,0,0,0,5673,50,11,17,False
524266,KR_7280324188,1308268,261653,2,False,0,0,0,0,0,0,0,0,0,0,0,0,0,8375,107,32,21,False,2,True,0,0,0,0,0,0,0,0,0,0,0,0,0,7978,93,27,21,True
524267,KR_7280206971,1751359,350271,4,True,0,0,0,0,0,0,0,0,0,0,0,0,0,9754,100,32,23,False,3,False,0,0,0,0,0,0,0,0,0,0,0,0,0,9760,92,18,22,True
524268,KR_7280130597,1041938,208387,1,False,0,0,0,0,0,0,0,0,0,0,0,0,0,6625,73,24,18,False,1,True,0,0,0,0,0,0,0,0,0,0,0,0,0,6587,61,24,18,True
524269,KR_7278318401,2497735,499547,5,False,1,0,1,0,0,0,0,0,3,0,0,0,0,15566,225,62,34,True,3,True,0,0,0,0,0,0,0,0,0,0,0,0,0,14184,235,60,34,False
524270,KR_7278245457,1724079,344815,3,False,0,0,0,0,0,0,0,0,0,0,0,0,0,10232,142,44,26,True,5,True,0,0,0,0,0,0,0,0,0,0,0,0,0,10754,136,20,25,False
524271,KR_7278184698,1301404,260280,2,False,0,0,0,0,0,0,0,0,0,0,0,0,0,8989,87,20,19,True,3,True,0,0,0,0,0,0,0,0,0,0,0,0,0,8313,73,24,18,False
524272,KR_7278157760,114978,22995,0,False,0,0,0,0,0,0,0,0,0,0,0,0,0,2500,0,0,5,True,0,False,0,0,0,0,0,0,0,0,0,0,0,0,0,2500,0,0,5,False
524273,KR_7275913497,1335786,267157,1,False,0,0,0,0,0,0,0,0,0,0,0,0,0,7823,106,36,23,True,1,True,0,0,0,0,0,0,0,0,0,0,0,0,0,8006,94,36,22,False
524274,KR_7275853291,1937893,387578,4,False,0,0,0,0,0,0,0,0,1,0,0,0,0,12619,179,42,29,True,1,True,0,0,0,0,0,0,0,0,0,0,0,0,0,10572,159,44,26,False
524275,KR_7275797920,913014,182602,0,False,0,0,0,0,0,0,0,0,0,0,0,0,0,5879,61,12,17,False,1,True,0,0,0,0,0,0,0,0,0,0,0,0,0,6776,72,20,17,True
524276,KR_7327048542,1644818,328963,4,True,0,0,0,0,0,0,0,0,0,0,0,0,0,10559,118,34,24,True,2,False,0,0,0,0,0,0,0,0,0,0,0,0,0,9312,116,30,23,False
524277,KR_7326947051,1456706,291341,5,True,0,0,0,0,0,0,0,0,0,0,0,0,0,9277,92,28,20,True,2,False,0,0,0,0,0,0,0,0,0,0,0,0,0,8008,96,20,21,False
524278,KR_7326892441,927287,185457,3,True,0,0,0,0,0,0,0,0,0,0,0,0,0,7546,65,20,17,True,0,False,0,0,0,0,0,0,0,0,0,0,0,0,0,5596,72,16,15,False
524279,KR_7326700334,1239915,247983,3,True,0,0,0,0,0,0,0,0,0,0,0,0,0,7710,84,14,19,True,1,False,0,0,0,0,0,0,0,0,0,0,0,0,0,7585,77,12,18,False
524280,KR_7326500464,2068287,413657,2,True,0,0,0,0,0,0,0,0,3,0,0,0,0,11194,158,50,28,False,3,False,0,0,0,0,0,0,0,0,0,0,0,0,0,11352,151,48,29,True
524281,KR_7326142645,1650479,330095,1,False,0,0,0,0,0,0,0,0,0,0,0,0,0,8545,123,28,23,False,6,True,0,0,0,0,0,0,0,0,0,0,0,0,0,11244,119,28,24,True
524282,KR_7325868678,2330381,466076,1,True,0,0,0,0,0,0,0,0,0,0,0,0,0,12146,171,41,29,True,3,False,0,0,0,0,0,0,0,0,3,0,0,0,0,12159,156,36,29,False
524283,KR_7325831966,926678,185335,1,False,0,0,0,0,0,0,0,0,0,0,0,0,0,7103,62,23,18,True,2,True,0,0,0,0,0,0,0,0,0,0,0,0,0,6477,42,12,14,False
524284,KR_7325826283,916561,183312,0,True,0,0,0,0,0,0,0,0,0,0,0,0,0,6096,83,28,18,True,0,False,0,0,0,0,0,0,0,0,0,0,0,0,0,6029,77,27,18,False
524285,KR_7325071874,1497020,299404,5,True,0,0,0,0,0,0,0,0,0,0,0,0,0,9730,99,28,23,True,1,False,0,0,0,0,0,0,0,0,0,0,0,0,0,7411,98,28,20,False
524286,KR_7324305809,1347698,269539,3,True,0,0,0,0,0,0,0,0,0,0,0,0,0,8490,91,20,21,False,2,False,0,0,0,0,0,0,0,0,0,0,0,0,0,8359,98,32,20,True
524287,KR_7324259868,950844,190168,1,True,0,0,0,0,0,0,0,0,0,0,0,0,0,6468,73,20,17,False,0,False,0,0,0,0,0,0,0,0,0,0,0,0,0,6848,67,12,17,True
524288,KR_7322986038,1552021,310404,1,False,0,0,0,0,0,0,0,0,0,0,0,0,0,9667,122,28,23,False,2,True,0,0,0,0,0,0,0,0,0,0,0,0,0,9237,115,36,24,True
524289,KR_7322599092,927750,185550,2,True,0,0,0,0,0,0,0,0,0,0,0,0,0,6787,69,28,17,True,1,False,0,0,0,0,0,0,0,0,0,0,0,0,0,5999,62,24,18,False
524290,KR_7322560172,1371110,274222,4,False,0,0,0,0,0,0,0,0,0,0,0,0,0,9187,94,30,21,True,1,True,0,0,0,0,0,0,0,0,0,0,0,0,0,7954,102,31,21,False
524291,KR_7322421537,1413048,282609,0,False,0,0,0,0,0,0,0,0,0,0,0,0,0,6948,86,28,20,True,1,True,0,0,0,0,0,0,0,0,0,0,0,0,0,7950,98,33,21,False
524292,KR_7321794563,1422253,284450,4,True,0,0,0,0,0,0,0,0,0,0,0,0,0,9333,90,25,22,True,1,False,0,0,0,0,0,0,0,0,0,0,0,0,0,7095,79,30,20,False
524293,KR_7321731789,931222,186244,0,False,0,0,0,0,0,0,0,0,0,0,0,0,0,6023,80,24,18,False,0,True,0,0,0,0,0,0,0,0,0,0,0,0,0,5928,73,28,18,True
524294,KR_7321612699,1213815,242763,4,True,0,0,0,0,0,0,0,0,0,0,0,0,0,9517,88,24,22,True,3,False,0,0,0,0,0,0,0,0,0,0,0,0,0,8598,104,28,20,False
524295,KR_7321509571,1111494,222298,0,False,0,0,0,0,0,0,0,0,0,0,0,0,0,5627,59,24,18,False,1,True,0,0,0,0,0,0,0,0,0,0,0,0,0,6109,42,28,18,True
524296,KR_7321184363,1368973,273794,1,False,0,0,0,0,0,0,0,0,0,0,0,0,0,7586,91,28,21,False,1,True,0,0,0,0,0,0,0,0,0,0,0,0,0,7690,101,28,21,True
524297,KR_7320588920,1370840,274168,0,False,0,0,0,0,0,0,0,0,0,0,0,0,0,7210,85,40,21,False,2,True,0,0,0,0,0,0,0,0,0,0,0,0,0,8617,107,31,21,True
524298,KR_7320562329,1349461,269892,0,False,0,0,0,0,0,0,0,0,0,0,0,0,0,7412,107,32,22,False,0,True,0,0,0,0,0,0,0,0,0,0,0,0,0,8189,105,28,22,True
524299,KR_7320520367,1331879,266375,2,True,0,0,0,0,0,0,0,0,0,0,0,0,0,8496,92,28,20,True,3,False,0,0,0,0,0,0,0,0,0,0,0,0,0,8740,83,28,21,False
524300,KR_7320491728,946450,189290,0,True,0,0,0,0,0,0,0,0,0,0,0,0,0,5426,57,14,16,True,0,False,0,0,0,0,0,0,0,0,0,0,0,0,0,5373,58,15,15,False
524301,KR_7320472258,1129237,225847,0,False,0,0,0,0,0,0,0,0,0,0,0,0,0,5682,66,20,17,False,5,True,0,0,0,0,0,0,0,0,0,0,0,0,0,7596,53,18,17,True
524302,KR_7320413141,1226797,245359,3,True,0,0,0,0,0,0,0,0,0,0,0,0,0,8226,80,32,20,True,2,False,0,0,0,0,0,0,0,0,0,0,0,0,0,7932,96,28,21,False
524303,KR_7320379011,2053510,410702,5,True,0,0,0,0,0,0,0,0,3,0,0,0,0,11532,155,33,27,False,1,False,0,0,0,0,0,0,0,0,0,0,0,0,0,10185,142,38,28,True
524304,KR_7320263429,1419301,283860,4,True,0,0,0,0,0,0,0,0,0,0,0,0,0,9547,91,28,21,True,2,False,0,0,0,0,0,0,0,0,0,0,0,0,0,8253,93,32,21,False
524305,KR_7319993045,917375,183475,0,False,0,0,0,0,0,0,0,0,0,0,0,0,0,6182,65,24,18,True,0,True,0,0,0,0,0,0,0,0,0,0,0,0,0,6492,61,24,18,False
524306,KR_7319888144,918262,183652,0,False,0,0,0,0,0,0,0,0,0,0,0,0,0,5431,62,14,15,False,4,True,0,0,0,0,0,0,0,0,0,0,0,0,0,7591,71,9,15,True
524307,KR_7319809950,1768758,353751,3,True,0,0,0,0,0,0,0,0,0,0,0,0,0,9985,131,30,25,False,3,False,0,0,0,0,0,0,0,0,0,0,0,0,0,10004,115,33,23,True
524308,KR_7319752150,1691136,338227,1,False,0,0,0,0,0,0,0,0,0,0,0,0,0,9426,135,41,24,False,3,True,1,0,0,0,0,0,1,0,0,0,0,0,0,9475,108,42,23,True
524309,KR_7319708610,874398,174879,1,False,0,0,0,0,0,0,0,0,0,0,0,0,0,4460,27,4,11,False,5,True,0,0,0,0,0,0,0,0,0,0,0,0,0,6002,28,12,12,True
524310,KR_7319529040,1490905,298181,5,True,0,0,0,0,0,0,0,0,0,0,0,0,0,9252,98,24,22,True,6,False,0,0,0,0,0,0,0,0,0,0,0,0,0,8752,76,20,21,False
524311,KR_7319463327,946609,189321,0,False,0,0,0,0,0,0,0,0,0,0,0,0,0,5415,54,18,16,False,1,True,0,0,0,0,0,0,0,0,0,0,0,0,0,6187,67,18,16,True
524312,KR_7319410164,1539477,307895,2,False,0,0,0,0,0,0,0,0,0,0,0,0,0,10131,129,37,25,True,1,True,0,0,0,0,0,0,0,0,0,0,0,0,0,9258,122,38,26,False
524313,KR_7319360755,918591,183718,1,True,0,0,0,0,0,0,0,0,0,0,0,0,0,6276,58,24,18,True,1,False,0,0,0,0,0,0,0,0,0,0,0,0,0,5927,63,20,16,False
524314,KR_7319297738,1832301,366460,1,True,0,0,0,0,0,0,0,0,0,0,0,0,0,12053,173,48,29,True,0,False,0,0,0,0,0,0,0,0,0,0,0,0,0,9815,153,44,27,False
524315,KR_7319266146,1093345,218669,2,True,0,0,0,0,0,0,0,0,0,0,0,0,0,6166,43,16,16,False,0,False,0,0,0,0,0,0,0,0,0,0,0,0,0,6560,67,16,16,True
524316,KR_7319200627,1902816,380563,3,False,0,0,0,0,0,0,0,0,0,0,0,0,0,12559,137,42,26,True,2,True,0,0,0,0,0,0,0,0,0,0,0,0,0,11015,131,44,27,False
524317,KR_7319103024,2143178,428635,5,True,0,0,0,0,0,0,0,0,3,0,0,0,0,14493,176,59,31,False,0,False,0,0,0,0,0,0,0,0,0,0,0,0,0,11558,172,46,30,True
524318,KR_7319031879,1626657,325331,2,False,0,0,0,0,0,0,0,0,0,0,0,0,0,9529,122,32,25,False,2,True,0,0,0,0,0,0,0,0,0,0,0,0,0,10187,135,48,25,True
524319,KR_7319006353,922867,184573,0,False,0,0,0,0,0,0,0,0,0,0,0,0,0,5652,70,16,16,True,0,True,0,0,0,0,0,0,0,0,0,0,0,0,0,6509,65,16,17,False
524320,KR_7318292683,1660499,332099,4,True,0,0,0,0,0,0,0,0,0,0,0,0,0,10526,122,36,23,True,2,False,0,0,0,0,0,0,0,0,0,0,0,0,0,10645,131,44,25,False
524321,KR_7318223543,1526398,305279,2,True,0,0,0,0,0,0,0,0,0,0,0,0,0,10468,127,32,25,True,1,False,0,0,0,0,0,0,0,0,0,0,0,0,0,8748,119,36,25,False
524322,KR_7326744604,1700820,340164,3,False,0,0,0,0,0,0,0,0,0,0,0,0,0,10300,124,24,23,False,8,True,0,0,0,0,0,0,0,0,0,0,0,0,0,11476,101,22,22,True
524323,KR_7325791778,1456631,291326,7,False,0,0,0,0,0,0,0,0,0,0,0,0,0,11059,97,24,21,True,5,True,0,0,0,0,0,0,0,0,0,0,0,0,0,9899,93,28,20,False
524324,KR_7325672855,1570831,314166,6,True,0,0,0,0,0,0,0,0,0,0,0,0,0,11692,127,36,24,True,2,False,0,0,0,0,0,0,0,0,0,0,0,0,0,9697,141,36,26,False
524325,KR_7323595146,1350874,270174,2,True,0,0,0,0,0,0,0,0,0,0,0,0,0,8676,96,26,22,True,1,False,0,0,0,0,0,0,0,0,0,0,0,0,0,7612,96,24,21,False
524326,KR_7323521353,1452017,290403,4,True,0,0,0,0,0,0,0,0,0,0,0,0,0,8742,92,16,20,False,6,False,0,0,0,0,0,0,0,0,0,0,0,0,0,9800,88,24,21,True
524327,KR_7322589617,1434943,286988,1,False,0,0,0,0,0,0,0,0,0,0,0,0,0,7190,80,24,20,False,6,True,0,0,0,0,0,0,0,0,0,0,0,0,0,10204,99,32,21,True
524328,KR_7317198394,1351474,270294,1,True,0,0,0,0,0,0,0,0,0,0,0,0,0,8880,103,34,21,True,1,False,0,0,0,0,0,0,0,0,0,0,0,0,0,8213,101,28,20,False
524329,KR_7316626295,920391,184078,0,False,0,0,0,0,0,0,0,0,0,0,0,0,0,5988,73,28,18,False,0,True,0,0,0,0,0,0,0,0,0,0,0,0,0,6145,77,28,18,True
524330,KR_7315273436,1434957,286991,5,False,0,0,0,0,0,0,0,0,0,0,0,0,0,9385,94,20,19,True,5,True,0,0,0,0,0,0,0,0,0,0,0,0,0,10131,74,20,20,False
524331,KR_7314441636,916699,183339,2,True,0,0,0,0,0,0,0,0,0,0,0,0,0,8219,49,20,17,True,0,False,0,0,0,0,0,0,0,0,0,0,0,0,0,5598,39,16,13,False
524332,KR_7314317553,1348828,269765,1,False,0,0,0,0,0,0,0,0,0,0,0,0,0,7751,101,32,20,False,3,True,0,0,0,0,0,0,0,0,0,0,0,0,0,8861,93,28,22,True
524333,KR_7314254468,1762189,352437,1,False,0,0,0,0,0,0,0,0,0,0,0,0,0,8793,108,40,23,True,6,True,0,0,0,0,0,0,0,0,0,0,0,0,0,11781,134,20,25,False
524334,KR_7313901864,921139,184227,3,False,0,0,0,0,0,0,0,0,0,0,0,0,0,7515,69,19,17,True,2,True,0,0,0,0,0,0,0,0,0,0,0,0,0,6959,57,24,17,False
524335,KR_7313850601,1369409,273881,1,False,0,0,0,0,0,0,0,0,0,0,0,0,0,7364,92,25,20,True,2,True,0,0,0,0,0,0,0,0,0,0,0,0,0,8435,103,32,22,False
524336,KR_7312834441,2012680,402536,8,True,0,0,0,0,0,0,0,0,1,0,0,0,0,14236,175,42,28,True,4,False,0,0,0,0,0,0,0,0,0,0,0,0,0,10935,122,29,25,False
524337,KR_7312163098,1550309,310061,3,False,0,0,0,0,0,0,0,0,0,0,0,0,0,9575,113,33,23,False,6,True,0,0,0,0,0,0,0,0,0,0,0,0,0,11543,101,36,24,True
524338,KR_7311992273,1522792,304558,1,True,0,0,0,0,0,0,0,0,0,0,0,0,0,9248,114,24,25,True,0,False,0,0,0,0,0,0,0,0,0,0,0,0,0,8974,131,28,26,False
524339,KR_7311940339,1836738,367347,0,False,0,0,0,0,0,0,0,0,0,0,0,0,0,11803,162,30,28,False,10,True,1,0,0,0,1,0,0,0,0,0,0,0,0,13460,119,36,25,True
524340,KR_7311302311,1200694,240138,2,True,0,0,0,0,0,0,0,0,0,0,0,0,0,8361,99,35,22,False,0,False,0,0,0,0,0,0,0,0,0,0,0,0,0,7248,84,31,20,True
524341,KR_7311135468,1366370,273274,0,False,0,0,0,0,0,0,0,0,0,0,0,0,0,7166,91,32,21,False,0,True,0,0,0,0,0,0,0,0,0,0,0,0,0,7859,113,27,22,True
524342,KR_7311077776,1352242,270448,1,True,0,0,0,0,0,0,0,0,0,0,0,0,0,8071,100,28,20,False,2,False,0,0,0,0,0,0,0,0,0,0,0,0,0,7937,83,32,21,True
524343,KR_7300408908,1874879,374975,2,False,0,0,0,0,0,0,0,0,1,0,0,0,0,10939,162,48,28,True,3,True,0,0,0,0,0,0,0,0,0,0,0,0,0,10897,142,37,26,False
524344,KR_7300310204,1325446,265089,0,False,0,0,0,0,0,0,0,0,0,0,0,0,0,7891,100,31,20,True,1,True,0,0,0,0,0,0,0,0,0,0,0,0,0,7339,78,26,21,False
524345,KR_7300243952,1510435,302087,2,False,0,0,0,0,0,0,0,0,0,0,0,0,0,9148,121,27,24,True,3,True,0,0,0,0,0,0,0,0,0,0,0,0,0,10731,126,36,25,False
524346,KR_7300175382,2242068,448413,4,True,0,0,0,0,0,0,0,0,3,0,0,0,0,13621,180,46,31,False,3,False,0,0,0,0,0,0,0,0,0,0,0,0,0,13221,206,48,31,True
524347,KR_7300130841,1115286,223057,1,False,0,0,0,0,0,0,0,0,0,0,0,0,0,6107,70,20,17,True,1,True,0,0,0,0,0,0,0,0,0,0,0,0,0,5933,52,16,16,False
524348,KR_7300079888,920640,184128,0,False,0,0,0,0,0,0,0,0,0,0,0,0,0,6185,61,24,18,False,0,True,0,0,0,0,0,0,0,0,0,0,0,0,0,7027,77,20,18,True
524349,KR_7298800745,1963100,392620,0,False,0,0,0,0,0,0,0,0,3,0,0,0,0,10249,160,42,26,False,1,True,0,0,0,0,0,0,0,0,0,0,0,0,0,10150,151,31,25,True
524350,KR_7298782958,915287,183057,0,False,0,0,0,0,0,0,0,0,0,0,0,0,0,7321,72,12,17,True,0,True,0,0,0,0,0,0,0,0,0,0,0,0,0,5551,43,8,13,False
524351,KR_7298746366,1947337,389467,3,False,0,0,0,0,0,0,0,0,0,0,0,0,0,11936,159,43,29,True,4,True,0,0,0,0,0,0,0,0,3,0,0,0,0,11688,153,42,28,False
524352,KR_7298709669,1765963,353192,3,False,0,0,0,0,0,0,0,0,0,0,0,0,0,9224,93,31,23,False,4,True,0,0,0,0,0,0,0,0,0,0,0,0,0,10715,131,36,25,True
524353,KR_7298672158,1359431,271886,4,False,0,0,0,0,0,0,0,0,0,0,0,0,0,8917,95,20,22,True,1,True,0,0,0,0,0,0,0,0,0,0,0,0,0,7477,79,31,20,False
524354,KR_7298645374,911073,182214,0,False,0,0,0,0,0,0,0,0,0,0,0,0,0,6364,71,24,18,False,0,True,0,0,0,0,0,0,0,0,0,0,0,0,0,6917,71,24,18,True
524355,KR_7298618826,1210930,242186,2,True,0,0,0,0,0,0,0,0,0,0,0,0,0,8204,94,28,20,True,3,False,0,0,0,0,0,0,0,0,0,0,0,0,0,8939,83,20,19,False
524356,KR_7224437173,1218617,243723,8,False,0,0,0,0,0,0,0,0,0,0,0,0,0,7255,0,0,35,True,6,True,0,0,0,0,0,0,0,0,0,0,0,0,0,6756,0,0,35,False
524357,KR_7204529774,1443163,288632,2,False,0,0,0,0,0,0,0,0,0,0,0,0,0,7725,87,16,19,False,6,True,0,0,0,0,0,0,0,0,0,0,0,0,0,9557,96,28,21,True
524358,KR_7204454306,1627303,325460,0,False,0,0,0,0,0,0,0,0,0,0,0,0,0,9140,123,35,24,False,4,True,0,0,0,0,0,0,0,0,0,0,0,0,0,9339,118,16,24,True
524359,KR_7204379665,2148220,429644,0,False,0,0,0,0,0,0,0,0,3,0,0,0,0,12147,182,58,31,True,6,True,1,1,0,0,0,0,0,0,0,0,0,0,0,13489,169,36,30,False
524360,KR_7204332055,1413116,282623,4,True,0,0,0,0,0,0,0,0,0,0,0,0,0,8985,94,24,21,False,2,False,0,0,0,0,0,0,0,0,0,0,0,0,0,8164,93,27,20,True
524361,KR_7180474173,1426891,285378,2,False,0,0,0,0,0,0,0,0,0,0,0,0,0,7868,104,20,22,True,2,True,0,0,0,0,0,0,0,0,0,0,0,0,0,8268,92,28,21,False
524362,KR_7327049633,2200653,440130,9,True,0,0,0,0,0,0,0,0,3,0,0,0,0,15651,181,38,29,True,5,False,0,0,0,0,0,0,0,0,0,0,0,0,0,13430,168,27,26,False
524363,KR_7327037718,1836690,367338,5,False,0,0,0,0,0,0,0,0,0,0,0,0,0,12440,142,36,25,False,10,True,0,0,0,0,0,0,0,0,0,0,0,0,0,15838,137,40,27,True
524364,KR_7326958213,1156292,231258,2,True,0,0,0,0,0,0,0,0,0,0,0,0,0,6909,82,24,18,True,2,False,0,0,0,0,0,0,0,0,0,0,0,0,0,6616,68,20,17,False
524365,KR_7326927762,943826,188765,1,True,0,0,0,0,0,0,0,0,0,0,0,0,0,6352,73,20,15,False,1,False,0,0,0,0,0,0,0,0,0,0,0,0,0,6529,74,12,17,True
524366,KR_7326139522,1541957,308391,0,False,0,0,0,0,0,0,0,0,0,0,0,0,0,10072,132,44,25,True,1,True,0,0,0,0,0,0,0,0,0,0,0,0,0,10178,120,36,23,False
524367,KR_7326097715,1211805,242361,1,False,0,0,0,0,0,0,0,0,0,0,0,0,0,8122,80,30,21,True,2,True,0,0,0,0,0,0,0,0,0,0,0,0,0,8570,94,24,22,False
524368,KR_7323795419,915535,183107,0,False,0,0,0,0,0,0,0,0,0,0,0,0,0,5943,72,24,17,True,1,True,0,0,0,0,0,0,0,0,0,0,0,0,0,6558,78,24,18,False
524369,KR_7323546469,1782291,356458,8,True,0,0,0,0,0,0,0,0,0,0,0,0,0,12491,122,32,25,False,2,False,0,0,0,0,0,0,0,0,0,0,0,0,0,9375,116,32,24,True
524370,KR_7321639433,1617970,323594,1,True,0,0,0,0,0,0,0,0,0,0,0,0,0,9130,122,36,25,False,0,False,0,0,0,0,0,0,0,0,0,0,0,0,0,8947,147,36,25,True
524371,KR_7321612473,939915,187983,2,False,0,0,0,0,0,0,0,0,0,0,0,0,0,5959,56,16,16,False,3,True,0,0,0,0,0,0,0,0,0,0,0,0,0,7907,44,24,18,True
524372,KR_7321566986,1353124,270624,4,True,0,0,0,0,0,0,0,0,0,0,0,0,0,9011,93,11,20,True,2,False,0,0,0,0,0,0,0,0,0,0,0,0,0,7332,66,20,19,False
524373,KR_7321544607,915189,183037,1,True,0,0,0,0,0,0,0,0,0,0,0,0,0,7499,67,28,18,True,0,False,0,0,0,0,0,0,0,0,0,0,0,0,0,5740,63,24,18,False
524374,KR_7321495630,2170677,434135,5,False,0,0,0,0,0,0,0,0,0,0,0,0,0,13626,162,28,29,True,6,True,0,0,0,0,0,0,0,0,3,0,0,0,0,13978,177,42,30,False
524375,KR_7321260537,912031,182406,0,True,0,0,0,0,0,0,0,0,0,0,0,0,0,7412,72,24,18,True,0,False,0,0,0,0,0,0,0,0,0,0,0,0,0,5723,60,28,18,False
524376,KR_7321249499,1856410,371282,5,False,0,0,0,0,0,0,0,0,1,0,0,0,0,12209,142,37,26,False,3,True,0,0,0,0,0,0,0,0,0,0,0,0,0,11359,167,32,27,True
524377,KR_7321245415,969365,193873,0,True,0,0,0,0,0,0,0,0,0,0,0,0,0,7387,76,20,18,True,0,False,0,0,0,0,0,0,0,0,0,0,0,0,0,6877,76,24,18,False
524378,KR_7321236272,1766736,353347,2,False,0,0,0,0,0,0,0,0,0,0,0,0,0,9785,132,28,25,False,3,True,0,0,0,0,0,0,0,0,0,0,0,0,0,10188,116,44,25,True
524379,KR_7321200267,1496664,299332,1,True,0,0,0,0,0,0,0,0,0,0,0,0,0,7199,86,22,20,False,1,False,0,0,0,0,0,0,0,0,0,0,0,0,0,7517,99,32,22,True
524380,KR_7321180240,1544327,308865,3,False,0,0,0,0,0,0,0,0,0,0,0,0,0,10170,112,32,25,False,1,True,0,0,0,0,0,0,0,0,0,0,0,0,0,9300,128,40,25,True
524381,KR_7321150499,1514227,302845,2,False,0,0,0,0,0,0,0,0,0,0,0,0,0,9519,135,26,24,True,1,True,0,0,0,0,0,0,0,0,0,0,0,0,0,9306,132,36,23,False
524382,KR_7321025922,1183660,236732,2,True,0,0,0,0,0,0,0,0,0,0,0,0,0,6941,83,24,18,True,0,False,0,0,0,0,0,0,0,0,0,0,0,0,0,5884,74,24,18,False
524383,KR_7320979087,1860481,372096,4,True,0,0,0,0,0,0,0,0,0,0,0,0,0,11203,143,30,25,False,1,False,0,0,0,0,0,0,0,0,0,0,0,0,0,10865,174,40,27,True
524384,KR_7320914244,1641240,328248,3,False,0,0,0,0,0,0,0,0,0,0,0,0,0,10163,119,36,24,False,3,True,0,0,0,0,0,0,0,0,0,0,0,0,0,11802,129,24,25,True
524385,KR_7320858342,1413969,282793,3,True,0,0,0,0,0,0,0,0,0,0,0,0,0,8794,90,20,20,False,2,False,0,0,0,0,0,0,0,0,0,0,0,0,0,8706,87,24,19,True
524386,KR_7320755887,910930,182186,2,True,0,0,0,0,0,0,0,0,0,0,0,0,0,7201,61,20,17,False,1,False,0,0,0,0,0,0,0,0,0,0,0,0,0,5794,67,12,16,True
524387,KR_7320720086,1414274,282854,3,True,0,0,0,0,0,0,0,0,0,0,0,0,0,8510,108,32,21,True,1,False,0,0,0,0,0,0,0,0,0,0,0,0,0,7628,92,28,21,False
524388,KR_7320671206,1620679,324135,4,False,0,0,0,0,0,0,0,0,0,0,0,0,0,10149,106,34,23,False,5,True,0,0,0,0,0,0,0,0,0,0,0,0,0,11608,134,21,24,True
524389,KR_7320448154,1411523,282304,0,False,0,0,0,0,0,0,0,0,0,0,0,0,0,7528,118,32,22,True,1,True,0,0,0,0,0,0,0,0,0,0,0,0,0,7666,97,28,22,False
524390,KR_7320351499,1811292,362258,4,True,0,0,0,0,0,0,0,0,0,0,0,0,0,11988,135,32,28,False,3,False,0,0,0,0,0,0,0,0,0,0,0,0,0,12583,157,48,28,True
524391,KR_7319762372,1888438,377687,5,True,0,0,0,0,0,0,0,0,0,0,0,0,0,12377,156,50,30,True,0,False,0,0,0,0,0,0,0,0,0,0,0,0,0,9780,156,44,27,False
524392,KR_7319681804,1503030,300606,1,True,0,0,0,0,0,0,0,0,0,0,0,0,0,8909,122,38,26,True,3,False,0,0,0,0,0,0,0,0,0,0,0,0,0,10125,130,30,25,False
524393,KR_7319503432,1167595,233519,0,False,0,0,0,0,0,0,0,0,0,0,0,0,0,6111,81,28,18,False,0,True,0,0,0,0,0,0,0,0,0,0,0,0,0,6742,78,28,18,True
524394,KR_7319455198,1526697,305339,4,True,0,0,0,0,0,0,0,0,0,0,0,0,0,10113,124,24,23,True,0,False,0,0,0,0,0,0,0,0,0,0,0,0,0,9171,112,28,23,False
524395,KR_7318950524,1277948,255589,1,True,0,0,0,0,0,0,0,0,0,0,0,0,0,7779,103,32,21,True,0,False,0,0,0,0,0,0,0,0,0,0,0,0,0,7218,106,20,21,False
524396,KR_7318900509,1524611,304922,2,True,0,0,0,0,0,0,0,0,0,0,0,0,0,10915,145,26,24,True,0,False,0,0,0,0,0,0,0,0,0,0,0,0,0,9021,113,41,24,False
524397,KR_7318519582,1872669,374533,3,False,0,0,0,0,0,0,0,0,0,0,0,0,0,10811,142,28,28,False,2,True,0,0,0,0,0,0,0,0,0,0,0,0,0,10549,154,36,27,True
524398,KR_7318481534,1595780,319156,4,True,0,0,0,0,0,0,0,0,0,0,0,0,0,10238,115,30,23,False,3,False,0,0,0,0,0,0,0,0,0,0,0,0,0,9493,106,29,24,True
524399,KR_7318395461,1121287,224257,0,False,0,0,0,0,0,0,0,0,0,0,0,0,0,6135,74,23,18,False,1,True,0,0,0,0,0,0,0,0,0,0,0,0,0,5892,52,16,17,True
524400,KR_7318347034,1445636,289127,6,False,0,0,0,0,0,0,0,0,0,0,0,0,0,9141,86,16,19,True,3,True,0,0,0,0,0,0,0,0,0,0,0,0,0,8380,85,40,20,False
524401,KR_7326794989,1161302,232260,1,True,0,0,0,0,0,0,0,0,0,0,0,0,0,6271,64,20,16,True,2,False,0,0,0,0,0,0,0,0,0,0,0,0,0,6879,65,12,15,False
524402,KR_7325858241,1116371,223274,2,True,0,0,0,0,0,0,0,0,0,0,0,0,0,6661,60,20,17,True,2,False,0,0,0,0,0,0,0,0,0,0,0,0,0,6518,66,20,16,False
524403,KR_7325838900,1400485,280097,2,True,0,0,0,0,0,0,0,0,0,0,0,0,0,8096,99,21,22,True,0,False,0,0,0,0,0,0,0,0,0,0,0,0,0,6937,88,24,21,False
524404,KR_7325704697,936760,187352,0,False,0,0,0,0,0,0,0,0,0,0,0,0,0,5694,70,20,17,False,2,True,0,0,0,0,0,0,0,0,0,0,0,0,0,7514,71,24,17,True
524405,KR_7325392352,1348160,269632,2,True,0,0,0,0,0,0,0,0,0,0,0,0,0,8376,109,36,22,True,2,False,0,0,0,0,0,0,0,0,0,0,0,0,0,7891,77,32,21,False
524406,KR_7325308084,2096679,419335,5,True,0,0,0,0,0,0,0,0,1,0,0,0,0,11236,123,34,26,True,4,False,1,0,0,0,1,0,0,0,1,0,0,0,0,11229,150,37,27,False
524407,KR_7324357512,1692531,338506,3,False,0,0,0,0,0,0,0,0,0,0,0,0,0,10165,139,32,25,True,5,True,0,0,0,0,0,0,0,0,0,0,0,0,0,10197,95,35,25,False
524408,KR_7324342971,1533981,306796,2,False,0,0,0,0,0,0,0,0,0,0,0,0,0,9451,91,32,22,False,6,True,0,0,0,0,0,0,0,0,0,0,0,0,0,10601,103,36,24,True
524409,KR_7324056687,995490,199098,2,True,0,0,0,0,0,0,0,0,0,0,0,0,0,7233,69,16,17,True,0,False,0,0,0,0,0,0,0,0,0,0,0,0,0,5696,65,24,17,False
524410,KR_7323768201,1592199,318439,2,False,0,0,0,0,0,0,0,0,0,0,0,0,0,9321,122,32,22,False,4,True,0,0,0,0,0,0,0,0,0,0,0,0,0,10611,129,39,26,True
524411,KR_7321741927,1751835,350367,0,False,0,0,0,0,0,0,0,0,0,0,0,0,0,8599,138,32,26,False,3,True,0,0,0,0,0,0,0,0,0,0,0,0,0,10019,114,32,24,True
524412,KR_7320672718,929173,185834,4,True,0,0,0,0,0,0,0,0,0,0,0,0,0,7727,61,20,16,True,1,False,0,0,0,0,0,0,0,0,0,0,0,0,0,5361,54,4,14,False
524413,KR_7320621688,1951293,390258,4,True,0,0,0,0,0,0,0,0,0,0,0,0,0,11911,170,34,26,False,3,False,0,0,0,0,0,0,0,0,0,0,0,0,0,12452,130,33,26,True
524414,KR_7319857871,1504422,300884,1,True,0,0,0,0,0,0,0,0,0,0,0,0,0,9537,137,44,25,True,1,False,0,0,0,0,0,0,0,0,0,0,0,0,0,8999,130,23,25,False
524415,KR_7318196344,2155771,431154,5,True,0,0,0,0,0,0,0,0,3,0,0,0,0,13103,146,50,29,False,5,False,1,0,0,0,1,0,0,0,0,0,0,0,0,14298,159,47,29,True
524416,KR_7317902739,944432,188886,1,True,0,0,0,0,0,0,0,0,0,0,0,0,0,7101,80,12,17,True,0,False,0,0,0,0,0,0,0,0,0,0,0,0,0,6143,71,16,17,False
524417,KR_7317857983,916325,183265,2,False,0,0,0,0,0,0,0,0,0,0,0,0,0,6435,60,24,17,False,2,True,0,0,0,0,0,0,0,0,0,0,0,0,0,6914,61,20,16,True
524418,KR_7317568347,933286,186657,2,True,0,0,0,0,0,0,0,0,0,0,0,0,0,6764,51,24,17,False,1,False,0,0,0,0,0,0,0,0,0,0,0,0,0,7356,64,24,17,True
524419,KR_7317516701,1527435,305487,2,False,0,0,0,0,0,0,0,0,0,0,0,0,0,11089,126,32,24,True,3,True,0,0,0,0,0,0,0,0,0,0,0,0,0,9773,99,28,22,False
524420,KR_7317229341,1296707,259341,3,True,0,0,0,0,0,0,0,0,0,0,0,0,0,8227,73,28,20,False,3,False,0,0,0,0,0,0,0,0,0,0,0,0,0,8621,94,20,21,True
524421,KR_7317212371,1792448,358489,7,True,0,0,0,0,0,0,0,0,0,0,0,0,0,11951,116,40,24,False,2,False,0,0,0,0,0,0,0,0,0,0,0,0,0,9411,131,35,23,True
524422,KR_7317168179,1275847,255169,3,False,0,0,0,0,0,0,0,0,0,0,0,0,0,8793,83,16,21,True,3,True,0,0,0,0,0,0,0,0,0,0,0,0,0,8146,88,24,21,False
524423,KR_7317033526,2056716,411343,3,False,0,0,0,0,0,0,0,0,1,0,0,0,0,11305,157,34,27,False,4,True,0,0,0,0,0,0,0,0,0,0,0,0,0,12496,153,54,28,True
524424,KR_7316977448,1631338,326267,2,False,0,0,0,0,0,0,0,0,0,0,0,0,0,9537,101,28,21,True,2,True,0,0,0,0,0,0,0,0,0,0,0,0,0,10050,124,28,24,False
524425,KR_7316609784,1747734,349546,3,True,0,0,0,0,0,0,0,0,0,0,0,0,0,10184,137,32,27,False,0,False,0,0,0,0,0,0,0,0,0,0,0,0,0,8563,122,40,23,True
524426,KR_7315091085,2031303,406260,5,False,0,0,0,0,0,0,0,0,0,0,0,0,0,10846,97,32,26,True,4,True,0,0,0,0,0,0,0,0,0,0,0,0,0,11134,133,44,27,False
524427,KR_7315027467,1605014,321002,6,True,0,0,0,0,0,0,0,0,0,0,0,0,0,10603,88,40,24,False,5,False,0,0,0,0,0,0,0,0,0,0,0,0,0,9834,93,32,23,True
524428,KR_7314994578,1140204,228040,1,True,0,0,0,0,0,0,0,0,0,0,0,0,0,6347,62,28,18,False,2,False,0,0,0,0,0,0,0,0,0,0,0,0,0,6207,50,24,18,True
524429,KR_7314938441,1537898,307579,1,True,0,0,0,0,0,0,0,0,0,0,0,0,0,8745,122,31,24,True,5,False,0,0,0,0,0,0,0,0,0,0,0,0,0,10081,96,28,25,False
524430,KR_7314554501,915628,183125,1,True,0,0,0,0,0,0,0,0,0,0,0,0,0,5716,56,12,17,True,0,False,0,0,0,0,0,0,0,0,0,0,0,0,0,5963,71,16,17,False
524431,KR_7314535740,1388249,277649,1,True,0,0,0,0,0,0,0,0,0,0,0,0,0,7302,89,20,21,False,1,False,0,0,0,0,0,0,0,0,0,0,0,0,0,7532,100,28,22,True
524432,KR_7314511146,1413156,282631,1,True,0,0,0,0,0,0,0,0,0,0,0,0,0,7757,99,28,21,True,0,False,0,0,0,0,0,0,0,0,0,0,0,0,0,6837,83,26,21,False
524433,KR_7314469327,1736673,347334,3,True,0,0,0,0,0,0,0,0,0,0,0,0,0,9842,117,43,25,False,5,False,0,0,0,0,0,0,0,0,0,0,0,0,0,9951,126,29,23,True
524434,KR_7314431027,1384151,276830,6,True,0,0,0,0,0,0,0,0,0,0,0,0,0,9652,90,32,22,True,1,False,0,0,0,0,0,0,0,0,0,0,0,0,0,8126,83,28,21,False
524435,KR_7314250783,2571818,514363,5,False,0,0,0,0,0,0,0,0,2,0,0,0,0,14804,199,52,33,False,6,True,0,0,0,0,0,0,0,0,1,0,0,0,0,14900,190,50,32,True
524436,KR_7314006979,1959601,391920,2,False,0,0,0,0,0,0,0,0,1,0,0,0,0,10289,125,38,26,True,8,True,0,0,0,0,0,0,0,0,1,0,0,0,0,12631,142,38,27,False
524437,KR_7313928911,1773867,354773,1,False,0,0,0,0,0,0,0,0,0,0,0,0,0,8427,101,28,21,True,4,True,0,0,0,0,0,0,0,0,0,0,0,0,0,9897,103,36,23,False
524438,KR_7312884710,1733400,346680,3,False,0,0,0,0,0,0,0,0,0,0,0,0,0,9439,102,35,25,False,3,True,0,0,0,0,0,0,0,0,0,0,0,0,0,9604,120,23,23,True
524439,KR_7312870151,1170929,234185,2,False,0,0,0,0,0,0,0,0,0,0,0,0,0,7139,52,28,17,True,5,True,0,0,0,0,0,0,0,0,0,0,0,0,0,7396,48,24,18,False
524440,KR_7312777720,1894747,378949,2,True,0,0,0,0,0,0,0,0,0,0,0,0,0,10985,166,36,28,True,1,False,0,0,0,0,0,0,0,0,0,0,0,0,0,11663,164,40,26,False
524441,KR_7312742639,993488,198697,1,True,0,0,0,0,0,0,0,0,0,0,0,0,0,6760,60,28,16,False,2,False,0,0,0,0,0,0,0,0,0,0,0,0,0,7250,48,24,16,True
524442,KR_7312694962,1154789,230957,2,False,0,0,0,0,0,0,0,0,0,0,0,0,0,6278,58,16,17,True,2,True,0,0,0,0,0,0,0,0,0,0,0,0,0,6701,69,28,17,False
524443,KR_7312328895,1240754,248150,1,True,0,0,0,0,0,0,0,0,0,0,0,0,0,7048,81,24,21,False,2,False,0,0,0,0,0,0,0,0,0,0,0,0,0,8195,90,28,20,True
524444,KR_7312274824,1097021,219404,1,True,0,0,0,0,0,0,0,0,0,0,0,0,0,7662,58,28,17,True,0,False,0,0,0,0,0,0,0,0,0,0,0,0,0,5684,63,22,18,False
524445,KR_7312230263,1144549,228909,0,False,0,0,0,0,0,0,0,0,0,0,0,0,0,6015,50,24,17,False,1,True,0,0,0,0,0,0,0,0,0,0,0,0,0,6610,62,19,16,True
524446,KR_7312189004,913066,182613,1,True,0,0,0,0,0,0,0,0,0,0,0,0,0,7009,76,20,18,True,0,False,0,0,0,0,0,0,0,0,0,0,0,0,0,6233,72,20,17,False
524447,KR_7312136118,1594874,318974,4,True,0,0,0,0,0,0,0,0,0,0,0,0,0,10641,121,24,24,True,2,False,0,0,0,0,0,0,0,0,0,0,0,0,0,9369,126,36,22,False
524448,KR_7312065709,1237078,247415,1,False,0,0,0,0,0,0,0,0,0,0,0,0,0,8172,97,28,22,False,4,True,0,0,0,0,0,0,0,0,0,0,0,0,0,9034,90,32,23,True
524449,KR_7311106301,1695483,339096,2,True,0,0,0,0,0,0,0,0,0,0,0,0,0,9713,124,44,25,True,0,False,0,0,0,0,0,0,0,0,0,0,0,0,0,8862,136,40,26,False
524450,KR_7311038907,1138180,227636,2,True,0,0,0,0,0,0,0,0,0,0,0,0,0,7063,58,28,18,True,0,False,0,0,0,0,0,0,0,0,0,0,0,0,0,5330,48,19,15,False
524451,KR_7310960776,1478398,295679,4,False,0,0,0,0,0,0,0,0,0,0,0,0,0,8612,99,11,20,True,4,True,0,0,0,0,0,0,0,0,0,0,0,0,0,8154,87,12,21,False
524452,KR_7309889163,1886361,377272,1,False,0,0,0,0,0,0,0,0,0,0,0,0,0,10495,153,32,26,True,4,True,0,0,0,0,0,0,0,0,0,0,0,0,0,12315,163,50,27,False
524453,KR_7309872355,2178873,435774,2,True,0,0,0,0,0,0,0,0,3,0,0,0,0,12375,189,50,30,False,3,False,0,0,0,0,0,0,0,0,0,0,0,0,0,12802,178,47,30,True
524454,KR_7309859397,1763784,352756,1,False,0,0,0,0,0,0,0,0,0,0,0,0,0,8893,125,32,24,True,5,True,0,0,0,0,0,0,0,0,0,0,0,0,0,10940,134,28,25,False
524455,KR_7324687891,1568860,313772,2,True,0,0,0,0,0,0,0,0,0,0,0,0,0,9615,83,24,22,True,4,False,0,0,0,0,0,0,0,0,0,0,0,0,0,10354,109,31,22,False
524456,KR_7324583621,933466,186693,1,True,0,0,0,0,0,0,0,0,0,0,0,0,0,5950,58,20,17,True,1,False,0,0,0,0,0,0,0,0,0,0,0,0,0,6272,73,20,17,False
524457,KR_7324551879,939274,187854,0,False,0,0,0,0,0,0,0,0,0,0,0,0,0,5527,59,16,17,False,0,True,0,0,0,0,0,0,0,0,0,0,0,0,0,6040,63,28,18,True
524458,KR_7324391202,1946372,389274,2,False,0,0,0,0,0,0,0,0,2,0,0,0,0,10827,133,42,26,False,3,True,0,0,0,0,0,0,0,0,0,0,0,0,0,11542,126,40,27,True
524459,KR_7323657474,913655,182731,2,True,0,0,0,0,0,0,0,0,0,0,0,0,0,7608,58,12,17,True,2,False,0,0,0,0,0,0,0,0,0,0,0,0,0,7103,61,12,15,False
524460,KR_7323026011,1628343,325668,2,True,0,0,0,0,0,0,0,0,0,0,0,0,0,10096,130,36,24,False,1,False,0,0,0,0,0,0,0,0,0,0,0,0,0,9555,110,32,22,True
524461,KR_7322428781,945841,189168,2,False,0,0,0,0,0,0,0,0,0,0,0,0,0,6398,55,20,16,True,1,True,0,0,0,0,0,0,0,0,0,0,0,0,0,6521,64,20,17,False
524462,KR_7322280948,1741095,348219,1,True,0,0,0,0,0,0,0,0,0,0,0,0,0,9801,144,32,24,False,1,False,0,0,0,0,0,0,0,0,0,0,0,0,0,8901,132,32,26,True
524463,KR_7321786876,2214882,442976,5,False,0,0,0,0,0,0,0,0,3,0,0,0,0,13291,158,50,28,False,3,True,0,0,0,0,0,0,0,0,0,0,0,0,0,13342,186,40,29,True
524464,KR_7321709501,998991,199798,2,True,0,0,0,0,0,0,0,0,0,0,0,0,0,6784,75,20,18,True,0,False,0,0,0,0,0,0,0,0,0,0,0,0,0,5605,57,24,16,False
524465,KR_7320351579,1453833,290766,1,False,0,0,0,0,0,0,0,0,0,0,0,0,0,7561,90,28,20,False,2,True,0,0,0,0,0,0,0,0,0,0,0,0,0,8089,91,28,22,True
524466,KR_7320287617,1565139,313027,3,False,0,0,0,0,0,0,0,0,0,0,0,0,0,9645,121,32,24,False,6,True,0,0,0,0,0,0,0,0,0,0,0,0,0,12083,136,32,26,True
524467,KR_7320265985,1152622,230524,1,True,0,0,0,0,0,0,0,0,0,0,0,0,0,6234,65,24,17,False,0,False,0,0,0,0,0,0,0,0,0,0,0,0,0,5878,65,32,18,True
524468,KR_7320240006,1476283,295256,1,False,0,0,0,0,0,0,0,0,0,0,0,0,0,7896,100,36,23,False,1,True,0,0,0,0,0,0,0,0,0,0,0,0,0,7796,97,36,23,True
524469,KR_7320189007,1777332,355466,2,True,0,0,0,0,0,0,0,0,0,0,0,0,0,9247,120,31,26,False,1,False,0,0,0,0,0,0,0,0,0,0,0,0,0,9403,150,36,27,True
524470,KR_7320147891,1186268,237253,5,False,0,0,0,0,0,0,0,0,0,0,0,0,0,7459,60,16,16,False,2,True,0,0,0,0,0,0,0,0,0,0,0,0,0,6430,60,22,15,True
524471,KR_7319654335,1616455,323291,5,False,0,0,0,0,0,0,0,0,0,0,0,0,0,11258,127,40,24,False,2,True,0,0,0,0,0,0,0,0,0,0,0,0,0,9779,107,40,24,True
524472,KR_7319550347,1601857,320371,2,False,0,0,0,0,0,0,0,0,0,0,0,0,0,9642,111,36,24,False,4,True,0,0,0,0,0,0,0,0,0,0,0,0,0,11730,120,44,25,True
524473,KR_7319418548,1150160,230032,0,False,0,0,0,0,0,0,0,0,0,0,0,0,0,5531,66,16,17,True,1,True,0,0,0,0,0,0,0,0,0,0,0,0,0,6029,64,16,17,False
524474,KR_7319385499,918531,183706,0,False,0,0,0,0,0,0,0,0,0,0,0,0,0,6357,63,16,17,False,1,True,0,0,0,0,0,0,0,0,0,0,0,0,0,7127,55,32,17,True
524475,KR_7319251322,1648816,329763,3,True,0,0,0,0,0,0,0,0,0,0,0,0,0,10100,94,48,23,True,6,False,0,0,0,0,0,0,0,0,0,0,0,0,0,12530,131,40,27,False
524476,KR_7319148502,1415753,283150,1,True,0,0,0,0,0,0,0,0,0,0,0,0,0,7680,90,32,20,False,0,False,0,0,0,0,0,0,0,0,0,0,0,0,0,7073,89,34,20,True
524477,KR_7319100846,995607,199121,3,True,0,0,0,0,0,0,0,0,0,0,0,0,0,6801,57,31,18,True,1,False,0,0,0,0,0,0,0,0,0,0,0,0,0,5789,63,12,16,False
524478,KR_7319040787,1505428,301085,4,True,0,0,0,0,0,0,0,0,0,0,0,0,0,9929,124,36,24,False,1,False,0,0,0,0,0,0,0,0,0,0,0,0,0,9951,116,36,23,True
524479,KR_7318995800,1718096,343619,4,True,0,0,0,0,0,0,0,0,0,0,0,0,0,11011,122,40,26,False,2,False,0,0,0,0,0,0,0,0,0,0,0,0,0,9582,137,36,26,True
524480,KR_7318963103,949433,189886,1,True,0,0,0,0,0,0,0,0,0,0,0,0,0,6991,60,20,17,False,0,False,0,0,0,0,0,0,0,0,0,0,0,0,0,5799,69,24,18,True
524481,KR_7318884340,2215891,443178,3,True,0,0,0,0,0,0,0,0,3,0,0,0,0,12603,180,53,31,False,1,False,1,0,1,0,0,0,0,0,0,0,0,0,0,11402,170,56,30,True
524482,KR_7318828964,1541185,308237,4,False,0,0,0,0,0,0,0,0,0,0,0,0,0,10135,122,36,24,False,4,True,0,0,0,0,0,0,0,0,0,0,0,0,0,11078,115,40,25,True
524483,KR_7318802068,1774465,354893,6,True,0,0,0,0,0,0,0,0,0,0,0,0,0,11071,106,36,24,False,4,False,0,0,0,0,0,0,0,0,0,0,0,0,0,9754,101,36,24,True
524484,KR_7318765623,1470580,294116,0,False,0,0,0,0,0,0,0,0,0,0,0,0,0,7336,109,28,21,True,1,True,0,0,0,0,0,0,0,0,0,0,0,0,0,7551,85,27,21,False
524485,KR_7318735526,1379112,275822,1,False,0,0,0,0,0,0,0,0,0,0,0,0,0,7394,102,16,20,False,3,True,0,0,0,0,0,0,0,0,0,0,0,0,0,8337,95,24,23,True
524486,KR_7318720077,946723,189344,4,True,0,0,0,0,0,0,0,0,0,0,0,0,0,7455,61,17,15,True,3,False,0,0,0,0,0,0,0,0,0,0,0,0,0,6962,65,10,17,False
524487,KR_7318697581,1486059,297211,4,True,0,0,0,0,0,0,0,0,0,0,0,0,0,8685,90,28,21,False,2,False,0,0,0,0,0,0,0,0,0,0,0,0,0,8021,97,32,22,True
524488,KR_7318675541,1121680,224336,0,False,0,0,0,0,0,0,0,0,0,0,0,0,0,6004,67,16,17,False,1,True,0,0,0,0,0,0,0,0,0,0,0,0,0,7187,68,16,17,True
524489,KR_7318671066,1849496,369899,5,False,0,0,0,0,0,0,0,0,0,0,0,0,0,11862,160,40,28,True,3,True,1,0,0,0,1,0,0,0,0,0,0,0,0,11767,147,44,27,False
524490,KR_7318637772,1647474,329494,3,False,0,0,0,0,0,0,0,0,0,0,0,0,0,9272,91,22,23,True,1,True,0,0,0,0,0,0,0,0,0,0,0,0,0,8642,94,25,21,False
524491,KR_7318622921,1952413,390482,2,False,0,0,0,0,0,0,0,0,2,0,0,0,0,10506,139,38,27,True,2,True,0,0,0,0,0,0,0,0,0,0,0,0,0,10803,146,44,26,False
524492,KR_7318618417,1763005,352601,3,True,0,0,0,0,0,0,0,0,0,0,0,0,0,10213,124,44,24,True,1,False,0,0,0,0,0,0,0,0,0,0,0,0,0,8619,112,23,23,False
524493,KR_7168261971,1539106,307821,1,False,0,0,0,0,0,0,0,0,0,0,0,0,0,9123,127,34,22,True,2,True,0,0,0,0,0,0,0,0,0,0,0,0,0,10100,121,36,24,False
524494,KR_7168202495,915645,183129,0,False,0,0,0,0,0,0,0,0,0,0,0,0,0,5962,59,20,17,False,0,True,0,0,0,0,0,0,0,0,0,0,0,0,0,6595,63,12,17,True
524495,KR_7168110053,1428171,285634,3,True,0,0,0,0,0,0,0,0,0,0,0,0,0,8170,77,24,20,True,1,False,0,0,0,0,0,0,0,0,0,0,0,0,0,7618,93,32,21,False
524496,KR_7168010329,1116452,223290,0,False,0,0,0,0,0,0,0,0,0,0,0,0,0,6722,66,16,17,True,1,True,0,0,0,0,0,0,0,0,0,0,0,0,0,6291,66,20,17,False
524497,KR_7167857304,1598588,319717,1,True,0,0,0,0,0,0,0,0,0,0,0,0,0,9254,132,36,25,True,1,False,0,0,0,0,0,0,0,0,0,0,0,0,0,9100,128,32,24,False
524498,KR_7167747896,930316,186063,0,False,0,0,0,0,0,0,0,0,0,0,0,0,0,5899,61,20,18,False,1,True,0,0,0,0,0,0,0,0,0,0,0,0,0,7244,66,24,18,True
524499,KR_7326400117,1412548,282509,2,True,0,0,0,0,0,0,0,0,0,0,0,0,0,8349,100,32,21,False,3,False,0,0,0,0,0,0,0,0,0,0,0,0,0,8290,84,28,21,True
